"ip2213.net Mozilla/4.0 (compatible; MSIE 6.0; Windows NT 5.1; SV1)",?,1835,2,917,"/"
"ip782.unr Mozilla/4.0 (compatible; MSIE 6.0; Windows NT 5.1; SV1; MyIE2)",?,1937,3,645,"/"
"ip240.tw Mozilla/4.0 (compatible; MSIE 5.5; Windows XP)",tw,4394,24,183,"/"
"ip772.unr Mozilla/4.0 (compatible; MSIE 6.0; Windows NT 5.1; SV1)",?,1818,2,909,"/software/"
"ip2215.net Mozilla/5.0 (Windows; U; Windows NT 5.1; en-US; rv:1.7.6) Gecko/20050317 Firefox/1.0.2",?,1804,2,902,"/jobs/index.html"
"ip1802.net Mozilla/5.0 (Macintosh; U; PPC Mac OS X; en) AppleWebKit/416.11 (KHTML, like Gecko) Safari/416.12",?,1825,3,608,"/"
"ip1426.au Mozilla/4.0 (compatible; MSIE 6.0; Windows NT 5.1; SV1; OptusNetDSL6; .NET CLR 1.1.4322)",au,1839,3,613,"/polls/2005/data_mining_tools.htm"
"ip336.hk Mozilla/5.0 (Windows; U; Windows NT 5.1; en-US; rv:1.7.10) Gecko/20050716 Firefox/1.0.6",hk,2247,3,749,"/"
"ip97.edu Mozilla/4.0 (compatible; MSIE 6.0; Windows NT 5.1; SV1; .NET CLR 1.1.4322)",?,1872,9,208,"/_vti_bin/owssvr.dll?UL=1&ACT=4&BUILD=6254&STRMVER=4&CAPREQ=0"
"ip225.tw Mozilla/4.0 (compatible; MSIE 6.0; Windows NT 5.1; SV1; KKman3.0; .NET CLR 1.1.4322)",tw,1860,2,930,"/news/index.html"
"ip224.tw Mozilla/4.0 (compatible; MSIE 6.0; Windows NT 5.1; SV1; KKman3.0; .NET CLR 1.1.4322)",tw,2082,9,231,"/fdsearch/search.pl?nocpp=1&Match=1&Realm=News_2004_2005&Terms=retrieval"
"ip106.au Mozilla/4.0 (compatible; MSIE 6.0; Windows NT 5.1; SV1; .NET CLR 1.1.4322)",au,1878,5,375,"/polls/dm_tools_oct_2000.htm"
"ip1720.net Mozilla/4.0 (compatible; MSIE 6.0; Windows NT 5.1; SV1; .NET CLR 1.1.4322)",?,1826,3,608,"/"
"ip833.com Mozilla/5.0 (X11; U; FreeBSD i386; en-US; rv:1.7.8) Gecko/20050531 Firefox/1.0.4",?,1810,2,905,"/"
"ip1084.unr Mozilla/4.0 (compatible; MSIE 6.0; Windows NT 5.0)",?,1801,2,900,"/"
"ip1430.jp Mozilla/4.0 (compatible; MSIE 6.0; Windows NT 5.1; SV1; .NET CLR 1.1.4322)",jp,3815,5,1151,"/software/classification-neural.html"
"ip915.au Mozilla/4.0 (compatible; MSIE 6.0; Windows NT 5.1; SV1; .NET CLR 1.1.4322)",au,1821,3,607,"/"
"ip2431.unr Mozilla/4.0 (compatible; MSIE 6.0; Windows NT 5.1; SV1; .NET CLR 1.1.4322; FDM)",?,4532,9,1070,"/"
"ip1227.edu Mozilla/4.0 (compatible; MSIE 6.0; Windows NT 5.1; SV1; .NET CLR 1.1.4322)",?,4515,4,1128,"/datasets/"
"ip412.unr Mozilla/4.0 (compatible; MSIE 6.0; Windows NT 5.0)",?,5400,3,1800,"/software/classification-neural.html"
"ip119.au Mozilla/5.0 (Windows; U; Windows NT 5.1; en-US; rv:1.7) Gecko/20040707 Firefox/0.9.2",au,4090,15,272,"/news/2001/n10/11i.html"
"ip2243.net Mozilla/4.0 (compatible; MSIE 6.0; Windows NT 5.1; SV1; .NET CLR 1.1.4322)",?,1865,6,310,"/jobs"
"ip913.unr Mozilla/4.0 (compatible; MSIE 6.0; Windows NT 5.1)",?,1851,3,617,"/datasets/index.html"
"ip1281.unr Mozilla/5.0 (Windows; U; Windows NT 5.1; zh-CN; rv:1.7.8) Gecko/20050511 Firefox/1.0.4",?,7035,16,645,"/news/2005/n19/18i.html"
"ip1502.net Mozilla/4.0 (compatible; MSIE 6.0; Windows NT 5.1; SV1)",?,1940,2,970,"/"
"ip1540.unr Mozilla/4.0 (compatible; MSIE 6.0; Windows NT 5.1; SV1; .NET CLR 1.1.4322)",?,1913,3,637,"/tools.html"
"ip861.in Mozilla/4.0 (compatible; MSIE 5.0; Windows 98; DigExt)",in,2155,2,1077,"/"
"ip2232.COM Mozilla/4.0 (compatible; MSIE 5.01; Windows NT 5.0)",?,2906,2,1453,"/software/"
"ip239.tw Mozilla/4.0 (compatible; MSIE 6.0; Windows NT 5.1; SV1; KKman3.0)",tw,9351,12,927,"/"
"ip241.tw Mozilla/4.0 (compatible; MSIE 5.5; Windows XP)",tw,8466,17,611,"/"
"ip631.unr Mozilla/4.0 (compatible; MSIE 6.0; Windows NT 5.0; .NET CLR 1.1.4322; .NET CLR 1.0.3705)",?,1829,2,914,"/"
"ip334.unr Mozilla/4.0 (compatible; MSIE 6.0; Windows NT 5.1; SV1; .NET CLR 1.1.4322)",?,2402,2,1201,"/"
"ip2218.OEMCOMPUTER Mozilla/5.0 (Windows; U; Windows NT 5.1; en-US; rv:1.7.12) Gecko/20050915 Firefox/1.0.7",oemcomputer,3618,4,1203,"/"
"ip912.unr Mozilla/4.0 (compatible; MSIE 6.0; Windows NT 5.1; SV1)",?,1821,3,607,"/"
"ip1338.unr Mozilla/4.0 (compatible; MSIE 6.0; Windows NT 5.1; SV1; .NET CLR 1.1.4322; Alexa Toolbar)",?,1982,2,991,"/"
"ip1435.in Mozilla/4.0 (compatible; MSIE 6.0; Windows NT 5.0)",in,3600,2,1800,"/news/96/n17.html"
"ip1089.unr Mozilla/4.0 (compatible; MSIE 6.0; Windows NT 5.1; SV1)",?,1884,4,471,"/"
"ip1470.unr Mozilla/4.0 (compatible; MSIE 6.0; Windows NT 5.1)",?,1903,3,634,"/websites"
"ip2214.net Mozilla/4.0 (compatible; MSIE 6.0; Windows NT 5.1; YPC 3.0.0)",?,2675,4,668,"/jobs/"
"ip1371.com Mozilla/4.0 (compatible; MSIE 6.0; Windows NT 5.1; SV1; PeoplePal 3.0)",?,2039,6,339,"/software/index.html"
"ip2277.net Mozilla/4.0 (compatible; MSIE 6.0; Windows NT 5.1; SV1; .NET CLR 1.1.4322)",?,2122,7,303,"/"
"ip530.com Mozilla/4.0 (compatible; MSIE 6.0; Windows 98)",?,2424,3,808,"/publications/surveys.html"
"ip679.net Mozilla/5.0 (Macintosh; U; PPC Mac OS X Mach-O; en-US; rv:1.7.5) Gecko/20041217",?,1836,2,918,"/software/index.html"
"ip160.au Mozilla/4.0 (compatible; MSIE 6.0; Windows NT 5.0; .NET CLR 1.1.4322)",au,1974,2,987,"/publications/index.html"
"ip883.unr Mozilla/4.0 (compatible; MSIE 6.0; Windows NT 5.2; .NET CLR 1.1.4322)",?,2513,4,628,"/"
"ip2124.net Mozilla/4.0 (compatible; MSIE 6.0; Windows NT 5.1; .NET CLR 1.0.3705; .NET CLR 1.1.4322)",?,2047,3,682,"/software/text.html"
"ip894.unr Mozilla/4.0 (compatible; MSIE 6.0; Windows NT 5.1; SV1)",?,1861,3,620,"/jobs/2005-08-30_yahoo_1_db.html"
"ip447.th Mozilla/4.0 (compatible; MSIE 6.0; Windows NT 5.1; SV1; .NET CLR 1.1.4322)",th,2747,2,1373,"/"
"ip1305.unr Mozilla/4.0 (compatible; MSIE 6.0; Windows NT 5.1; SV1; .NET CLR 1.1.4322)",?,4014,4,1003,"/"
"ip916.unr Mozilla/4.0 (compatible; MSIE 6.0; Windows NT 5.1)",?,1830,2,915,"/software/"
"ip2209.unr Mozilla/5.0 (Windows; U; Windows NT 5.0; en-US; rv:1.7.6) Gecko/20050317 Firefox/1.0.2",?,1800,2,900,"/polls/dm_tools_2001_october.htm"
"ip591.unr Mozilla/4.0 (compatible; MSIE 6.0; Windows NT 5.1; SV1; .NET CLR 1.1.4322)",?,1811,2,905,"/"
"ip232.unr Mozilla/4.0 (compatible; MSIE 6.0; Windows NT 5.1; SV1)",?,3622,5,1127,"/news/2005/n21"
"ip1110.unr Mozilla/5.0 (Windows; U; Windows NT 5.1; zh-CN; rv:1.7.10) Gecko/20050717 Firefox/1.0.6",?,1802,2,901,"/companies/products.html"
"ip545.unr Mozilla/4.0 (compatible; MSIE 6.0; Windows NT 5.1; SV1)",?,5080,18,282,"/"
"ip1107.tw Mozilla/4.0 (compatible; MSIE 6.0; Windows NT 5.0)",tw,1808,2,904,"/....%20away"
"ip1106.unr Mozilla/4.0 (compatible; MSIE 6.0; Windows NT 5.1; SV1; .NET CLR 1.1.4322)",?,5270,11,494,"/"
"ip1710.unr Mozilla/4.0 (compatible; MSIE 6.0; Windows NT 5.1)",?,3617,3,1354,"/"
"ip1351.unr Mozilla/4.0 (compatible; MSIE 6.0; Windows NT 5.1; SV1)",?,1877,2,938,"/"
"ip2475.tr Mozilla/4.0 (compatible; MSIE 6.0; Windows NT 5.1; SV1; .NET CLR 1.1.4322)",tr,2660,5,532,"/companies/"
"ip68.unr Mozilla/4.0 (compatible; MSIE 6.0; Windows NT 5.1; SV1)",?,1800,2,900,"/courses"
"ip1518.unr Mozilla/4.0 (compatible; MSIE 6.0; Windows NT 5.1; .NET CLR 1.1.4322)",?,1835,2,917,"/polls/2002/data_mining_tools.htm"
"ip901.org Mozilla/4.0 (compatible; MSIE 6.0; Windows NT 5.0)",?,1958,7,279,"/"
"ip2298.com Mozilla/4.0 (compatible; MSIE 6.0; Windows NT 5.0; DigExt)",?,21882,20,1402,"/"
"ip1271.unr Mozilla/4.0 (compatible; MSIE 6.0; Windows NT 5.1; SV1)",?,1901,2,950,"/solutions/web-mining.html"
"ip1043.net Mozilla/4.0 (compatible; MSIE 6.0; Windows NT 5.1; .NET CLR 1.1.4322)",?,1860,4,465,"/"
"ip1443.unr Mozilla/4.0 (compatible; MSIE 6.0; Windows NT 5.0)",?,1814,2,907,"/dmcourse/data_mining_course/assignments/index.html"
"ip432.fr Mozilla/5.0 (Windows; U; Windows NT 5.0; fr-FR; rv:1.7.8) Gecko/20050511 Firefox/1.0.4",fr,1809,2,904,"/"
"ip883.unr Mozilla/4.0 (compatible; MSIE 6.0; Windows NT 5.1)",?,1864,2,932,"/solutions/crm.html"
"ip131.com Mozilla/4.0 (compatible; MSIE 6.0; Windows NT 5.0; Boeing kit; .NET CLR 1.1.4322)",?,1830,2,915,"/news/2002/n20/10i.html"
"ip318.nl Mozilla/4.0 (compatible; MSIE 6.0; Windows NT 5.1; .NET CLR 1.1.4322)",nl,3720,7,1060,"/"
"ip1569.net Mozilla/5.0 (Windows; U; Windows NT 5.1; en-US; rv:1.7.10) Gecko/20050716 Firefox/1.0.6",?,1822,2,911,"/news/2005/n06/15i.html"
"ip276.edu Mozilla/5.0 (Windows; U; Windows NT 5.1; en-US; rv:1.7.12) Gecko/20050915 Firefox/1.0.7",?,2262,2,1131,"/software/clustering.html"
"ip997.com Mozilla/4.0 (compatible; MSIE 6.0; Windows NT 5.1; SV1; .NET CLR 1.0.3705; .NET CLR 1.1.4322)",?,2111,3,703,"/software/"
"ip825.net Mozilla/4.0 (compatible; MSIE 6.0; Windows NT 5.1; SV1; Maxthon)",?,1902,3,634,"/consulting.html"
"ip897.unr Mozilla/4.0 (compatible; MSIE 6.0; Windows NT 5.1)",?,2057,4,514,"/software/index.html"
"ip1370.com Mozilla/4.0 (compatible ; MSIE 6.0; Windows NT 5.1)",?,1959,2,979,"/companies/consulting.html"
"ip425.cn Mozilla/4.0 (compatible; MSIE 6.0; Windows NT 5.0; Maxthon; MyIE2)",cn,3600,2,1800,"/"
"ip1112.unr Mozilla/4.0 (compatible; MSIE 6.0; Windows NT 5.1; SV1; .NET CLR 1.1.4322)",?,5400,3,1800,"/"
"ip865.unr Mozilla/4.0 (compatible; MSIE 6.0; Windows NT 5.1; SV1; .NET CLR 1.1.4322; InfoPath.1)",?,1814,2,907,"/meetings/kdd98/kdd-cup-98-results.html"
"ip1530.es Mozilla/4.0 (compatible; MSIE 6.0; Windows NT 5.1; SV1; .NET CLR 1.1.4322)",es,2428,2,1214,"/dmcourse/data_mining_course/course_outline.html"
"ip1419.com Mozilla/5.0 (Macintosh; U; PPC Mac OS X; en) AppleWebKit/416.11 (KHTML, like Gecko) Safari/416.12",?,5400,3,1800,"/software/classification-tree-rules.html"
"ip2472.it Mozilla/4.0 (compatible; MSIE 6.0; Windows NT 5.0)",it,2312,5,462,"/phpBB/viewtopic.php?t=15&sid=2998f5a051d00e3a1cc0da83b03bb4fc"
"ip416.hk Mozilla/4.0 (compatible; MSIE 6.0; Windows NT 5.1; SV1)",hk,3946,11,358,"/software/clustering.html"
"ip1539.nl Mozilla/4.0 (compatible; MSIE 6.0; Windows 98)",nl,3600,3,1350,"/news/98/n25.html"
"ip2347.unr Mozilla/4.0 (compatible; MSIE 6.0; Windows NT 5.1; SV1; .NET CLR 1.1.4322)",?,1825,4,456,"/"
"ip1476.in Mozilla/5.0 (Windows; U; Windows NT 5.1; en-US; rv:1.7.12) Gecko/20050915 Firefox/1.0.7",in,1896,3,632,"/"
"ip2335.net Mozilla/4.0 (compatible; MSIE 6.0; Windows NT 5.1; SV1)",?,1844,3,614,"/"
"ip882.net Mozilla/5.0 (Windows; U; Windows NT 5.1; en-US; rv:1.7.7) Gecko/20050414 Firefox/1.0.3",?,1853,2,926,"/news/index.html"
"ip579.es Mozilla/4.0 (compatible; MSIE 6.0; Windows NT 5.0; MathPlayer 2.0; .NET CLR 1.1.4322)",es,1874,4,468,"/"
"ip1315.unr Mozilla/4.0 (compatible; MSIE 6.0; Windows NT 5.1; SV1; digit_may2002)",?,4361,6,726,"/"
"ip1165.unr Mozilla/4.0 (compatible; MSIE 6.0; Windows NT 5.1; SV1)",?,2505,4,626,"/software/"
"ip184.com Mozilla/4.0 (compatible; MSIE 6.0; Windows NT 5.1; SV1; .NET CLR 1.1.4322)",?,1834,3,611,"/news/2005/n21/"
"ip1165.unr Mozilla/4.0 (compatible; MSIE 6.0; Windows NT 5.1; SV1; .NET CLR 1.1.4322)",?,2265,8,283,"/fdsearch/search.pl?Match=1&Realm=Recent&Terms=definition+of+web+mining+"
"ip1422.net Mozilla/4.0 (compatible; MSIE 6.0; Windows NT 5.0; DigExt)",?,2783,8,347,"/jobs/index.html"
"ip142.unr Mozilla/5.0 (Macintosh; U; PPC Mac OS X; en) AppleWebKit/416.11 (KHTML, like Gecko) Safari/416.12",?,1907,5,381,"/"
"ip1485.unr Mozilla/4.0 (compatible; MSIE 6.0; Windows NT 5.1; Q312461; SV1)",?,2552,4,638,"/"
"ip91.no Mozilla/5.0 (X11; U; Linux i686; en-US; rv:1.7.12) Gecko/20050920 Firefox/1.0.7 SUSE/1.0.7-0.1",no,1816,62,29,"/"
"ip2345.net Mozilla/4.0 (compatible; MSIE 6.0; Windows NT 5.1; FunWebProducts; SV1)",?,3824,6,1102,"/dmcourse/data_mining_course/assignments/index.html"
"ip2443.net Mozilla/5.0 (Windows; U; Windows NT 5.1; de-DE; rv:1.7.12) Gecko/20050919 Firefox/1.0.7",?,1808,8,226,"/software/text.html"
"ip640.unr Mozilla/4.0 (compatible; MSIE 6.0; Windows NT 5.1; SV1; InfoPath.1)",?,1801,3,600,"/gps.html"
"ip31.ca Mozilla/5.0 (X11; U; Linux i686; en-US; rv:1.7.10) Gecko/20050925 Firefox/1.0.4 (Debian package 1.0.4-2sarge5)",ca,1894,3,631,"/jobs/"
"ip1138.net Mozilla/4.0 (compatible; MSIE 5.0; Windows 98; DigExt)",?,2861,4,715,"/news/97/n27.html"
"ip1410.com Mozilla/5.0 (Windows; U; Windows NT 5.1; en-US; rv:1.7.10) Gecko/20050716 Firefox/1.0.6",?,3626,4,1204,"/"
"ip1223.unr Mozilla/4.0 (compatible; MSIE 5.0; Windows 98; DigExt),gzip(gfe) (via translate.google.com)",?,2291,6,381,"/news/97/n27.html"
"ip2319.com Mozilla/4.0 (compatible; MSIE 6.0; Windows NT 5.1; SV1; .NET CLR 1.1.4322)",?,2687,10,268,"/"
"ip1150.pl Mozilla/4.0 (compatible; MSIE 6.0; Windows NT 5.1; SV1)",pl,1973,7,281,"/"
"ip568.pl Mozilla/5.0 (Windows; U; Windows NT 5.0; pl-PL; rv:1.7.5) Gecko/20041108 Firefox/1.0",pl,3793,5,1149,"/"
"ip88.ch Mozilla/4.0 (compatible; MSIE 6.0; Windows NT 5.1; SV1; (R1 1.5); .NET CLR 1.1.4322; InfoPath.1)",ch,1818,2,909,"/"
"ip1224.unr Mozilla/4.0 (compatible; MSIE 5.0; Windows 98; DigExt),gzip(gfe) (via translate.google.com)",?,3600,2,1800,"/companies/market-analysis.html"
"ip1193.pt Mozilla/5.0 (Windows; U; Windows NT 5.1; pt-PT; rv:1.7.12) Gecko/20050919 Firefox/1.0.7",pt,1835,2,917,"/polls/2005/data_mining_techniques.htm"
"ip1319.unr Mozilla/4.0 (compatible; MSIE 6.0; Windows NT 5.1)",?,1868,2,934,"/software/classification.html"
"ip280.DE Mozilla/5.0 (Windows; U; Windows NT 5.1; en-US; rv:1.7) Gecko/20040616",de,1868,5,373,"/"
"ip359.es Mozilla/4.0 (compatible; MSIE 6.0; Windows NT 5.1; SV1)",es,2700,2,1350,"/software/suites.html"
"ip1187.unr Mozilla/4.0 (compatible;)",?,3600,2,1800,"/"
"ip1486.unr Mozilla/4.0 (compatible; MSIE 6.0; Windows NT 5.1; SV1)",?,9621,104,196,"/news/2005/n20/index.html"
"ip211.au Mozilla/4.0 (compatible; MSIE 6.0; Windows NT 5.1; SV1)",au,2068,4,517,"/dmcourse/data_mining_course/index.html"
"ip895.unr Mozilla/4.0 (compatible; MSIE 6.0; Windows NT 5.1; SV1)",?,1911,2,955,"/news/2004/n08/15i.html"
"ip2340.unr Mozilla/4.0 (compatible; MSIE 6.0; Windows NT 5.1)",?,1823,2,911,"/publications/books.html"
"ip1317.unr Mozilla/4.0 (compatible; MSIE 6.0; Windows NT 5.1; SV1)",?,3603,3,1201,"/software/"
"ip1083.unr Mozilla/4.0 (compatible; MSIE 5.01; Windows 98; AVPersonalSerial 0d2802d447d00c8a514e17385c9d22a131b07695)",?,3650,4,1208,"/"
"ip623.ir Mozilla/4.0 (compatible; MSIE 6.0; Windows NT 5.1; SV1)",ir,1899,2,949,"/"
"ip1080.unr Mozilla/4.0 (compatible; MSIE 6.0; Windows NT 5.1)",?,1804,2,902,"/"
"ip669.unr Mozilla/4.0 (compatible; MSIE 6.0; Windows 98)",?,3641,12,983,"/news/96/n03.html"
"ip1434.net Mozilla/4.0 (compatible; MSIE 6.0; Windows NT 5.1; SV1)",?,1801,2,900,"/software/dataxform.html"
"ip569.unr Mozilla/4.0 (compatible; MSIE 6.0; Windows NT 5.1; SV1)",?,1800,2,900,"/meetings"
"ip1449.au Mozilla/4.0 (compatible; MSIE 6.0; Windows NT 5.1; SV1; .NET CLR 1.1.4322)",au,2938,15,195,"/dmcourse/data_mining_course"
"ip1187.unr Mozilla/4.0 (compatible; MSIE 6.0; Windows NT 5.0)",?,2436,10,243,"/publications/index.html"
"ip2311.net Mozilla/4.0 (compatible; MSIE 6.0; Windows NT 5.1; SV1)",?,1836,2,918,"/dmcourse/index.html"
"ip862.net Mozilla/4.0 (compatible; MSIE 6.0; Windows NT 5.1; SV1)",?,1833,3,611,"/datasets/index.html"
"ip296.uk Mozilla/4.0 (compatible; MSIE 6.0; Windows NT 5.1; SV1; University of Leicester; .NET CLR 1.1.4322)",uk,3706,7,538,"/software/suites.html"
"ip839.unr Mozilla/4.0 (compatible; MSIE 6.0; Windows NT 5.1; SV1)",?,1806,2,903,"/gpspubs/ieee-expert-9504-priv.html"
"ip198.ie Mozilla/5.0 (X11; U; Linux i686; en-US; rv:1.7.5) Gecko/20041107 Firefox/1.0",ie,1809,2,904,"/"
"ip572.unr Mozilla/5.0 (Windows; U; Windows NT 5.1; en-GB; rv:1.7.12) Gecko/20050919 Firefox/1.0.7",?,1837,3,612,"/news/index.html"
"ip1184.com Mozilla/4.0 (compatible; MSIE 6.0; Windows NT 5.1; SV1; .NET CLR 1.1.4322)",?,1920,3,640,"/software/"
"ip1810.net Mozilla/4.0 (compatible; MSIE 5.01; Windows 98)",?,3603,4,900,"/"
"ip1450.au Mozilla/4.0 (compatible; MSIE 6.0; Windows NT 5.1; SV1; .NET CLR 1.1.4322)",au,2069,5,413,"/"
"ip2471.se Mozilla/5.0 (Windows; U; Windows NT 5.1; en-US; rv:1.8) Gecko/20051107 Firefox/1.5",se,1807,2,903,"/"
"ip339.es Mozilla/4.0 (compatible; MSIE 6.0; Windows NT 5.0; .NET CLR 1.1.4322)",es,2823,15,188,"/fdsearch/search.pl?Realm=Recent&Match=1&Terms=association%20rules&maxhits=10&Rank=11"
"ip1668.com Mozilla/4.0 (compatible; MSIE 5.01; Windows NT 5.0)",?,1802,3,600,"/"
"ip881.unr Mozilla/4.0 (compatible; MSIE 6.0; Windows NT 5.1; SV1; .NET CLR 1.1.4322)",?,6554,9,703,"/"
"ip2411.nl Mozilla/4.0 (compatible; MSIE 6.0; Windows NT 5.1; SV1)",nl,1805,2,902,"/"
"ip409.unr Mozilla/5.0 (Windows; U; Windows NT 5.1; pl-PL; rv:1.7.12) Gecko/20050919 Firefox/1.0.7",?,3316,4,829,"/software/suites.html"
"ip829.in Mozilla/4.0 (compatible; MSIE 5.0; Windows 98; DigExt)",in,3600,2,1800,"/dmcourse/data_mining_course/course_outline.html"
"ip875.au Mozilla/4.0 (compatible; MSIE 6.0; Windows NT 5.1; SV1)",au,1936,4,484,"/dmcourse/data_mining_course/"
"ip36.edu Mozilla/5.0 (Windows; U; Windows NT 5.1; en-US; rv:1.7.12) Gecko/20050915 Firefox/1.0.7",?,1826,5,365,"/jobs/index.html"
"ip186.be Mozilla/4.0 (compatible; MSIE 6.0; Windows NT 5.1; SV1; .NET CLR 1.1.4322)",be,1865,5,373,"/news/2005/n21/"
"ip982.unr nogoop-HttpClient/1.1.3 Mozilla/4.0 (compatible; MSIE 6.0; Windows NT 5.0)",?,7137,4,1789,"/news/2004/n13/10i.html"
"ip398.net Mozilla/4.0 (compatible; MSIE 6.0; Windows NT 5.1; SV1)",?,3449,4,862,"/news/2005/index.html"
"ip861.in Mozilla/4.0 (compatible; MSIE 6.0; Windows NT 5.1; .NET CLR 1.1.4322)",in,1982,2,991,"/publications/technical.html"
"ip834.unr Mozilla/5.0 (Windows; U; Windows NT 5.2; en-US; rv:1.7.12) Gecko/20050915 Firefox/1.0.7",?,2271,4,567,"/"
"ip1553.unr Mozilla/4.0 (compatible; MSIE 6.0; Windows NT 5.1; SV1; FDM; .NET CLR 1.1.4322)",?,4159,5,831,"/"
"ip886.th Mozilla/4.0 (compatible; MSIE 6.0; Windows NT 5.1; .NET CLR 1.1.4322)",th,3689,4,1214,"/dmcourse/other_lectures/intro-to-data-mining-notes.html"
"ip399.net Mozilla/4.0 (compatible; MSIE 6.0; Windows NT 5.1; SV1)",?,2637,3,879,"/gps.html"
"ip666.ma Mozilla/4.0 (compatible; MSIE 6.0; Windows 98; Win 9x 4.90)",ma,1833,3,611,"/software/"
"ip1475.in Mozilla/5.0 (Windows; U; Win98; en-US; rv:1.7.5) Gecko/20041107 Firefox/1.0",in,2767,4,691,"/"
"ip1119.au Mozilla/5.0 (Windows; U; Win98; en-US; rv:1.7.5) Gecko/20041107 Firefox/1.0",au,1807,2,903,"/software/"
"ip612.is Mozilla/4.0 (compatible; MSIE 6.0; Windows NT 5.1; SV1; .NET CLR 1.1.4322)",is,1890,4,472,"/"
"ip1247.unr Mozilla/4.0 (compatible; MSIE 6.0; Windows NT 5.1)",?,2079,2,1039,"/"
"ip1328.unr Mozilla/4.0 (compatible; MSIE 5.0; Windows 98; DigExt; empas)",?,4015,3,1453,"/aps/f468-sas-tow3.sol_crm.re.html"
"ip1292.unr Mozilla/4.0 (compatible; MSIE 6.0; Windows NT 5.1; SV1; TencentTraveler )",?,2545,2,1272,"/"
"ip635.unr Mozilla/4.0 (compatible; MSIE 6.0; Windows NT 5.1; SV1)",?,2296,6,382,"/software/"
"ip159.nl Mozilla/4.0 (compatible; MSIE 6.0; Windows NT 5.1; SV1)",nl,1855,6,309,"/dmcourse/index.html"
"ip718.unr Mozilla/4.0 (compatible; MSIE 6.0; Windows NT 5.0)",?,1800,2,900,"/tools.html"
"ip1676.net Mozilla/4.0 (compatible; ChangeDetection/1.0 (admin@ChangeDetection.com))",?,3600,2,1800,"/"
"ip1347.jp Mozilla/4.0 (compatible; MSIE 6.0; Windows NT 5.2; .NET CLR 1.1.4322)",jp,1858,3,619,"/"
"ip2433.net Mozilla/5.0 (X11; U; Linux i686; en-US; rv:1.4) Larbin/2.6.3 larbin@unspecified.mail",?,1929,2,964,"/kdd98/"
"ip2191.net Mozilla/4.0 (compatible; MSIE 6.0; Windows NT 5.1; SV1; .NET CLR 1.1.4322)",?,4005,10,400,"/software/suites.html"
"ip733.br Mozilla/4.0 (compatible; MSIE 6.0; Windows NT 5.1; SV1)",br,1898,4,474,"/"
"ip725.br Mozilla/4.0 (compatible; MSIE 6.0; Windows NT 5.1; SV1; .NET CLR 1.1.4322; InfoPath.1)",br,2024,6,337,"/"
"ip724.br Mozilla/4.0 (compatible; MSIE 6.0; Windows NT 5.1; SV1; .NET CLR 1.1.4322; InfoPath.1)",br,1815,2,907,"/"
"ip1142.net Mozilla/5.0 (Macintosh; U; PPC Mac OS X; de-de) AppleWebKit/312.1 (KHTML, like Gecko) Safari/312",?,2042,4,510,"/siftware.html"
"ip1544.om Mozilla/4.0 (compatible; MSIE 5.01; Windows NT 5.0)",om,1831,2,915,"/"
"ip1339.jp Mozilla/5.0 (Windows; U; Windows NT 5.1; ja-JP; rv:1.7.12) Gecko/20050919 Firefox/1.0.7",jp,1883,3,627,"/"
"ip1353.unr Mozilla/4.0 (compatible; MSIE 6.0; Windows NT 5.0)",?,1875,3,625,"/jobs/academic.html"
"ip1264.hu Mozilla/4.0 (compatible; MSIE 6.0; Windows NT 5.1; SV1; .NET CLR 1.0.3705)",hu,1845,3,615,"/news/2002/n02/17i.html"
"ip1809.net Mozilla/5.0 (Windows; U; Windows NT 5.1; en-US; rv:1.7.10) Gecko/20050716 Firefox/1.0.6",?,4062,6,1126,"/"
"ip2464.nl Mozilla/4.0 (compatible; MSIE 6.0; Windows NT 5.0)",nl,3610,20,947,"/news/96/n16.html"
"ip792.net Mozilla/4.0 (compatible; MSIE 6.0; Windows 98)",?,1912,2,956,"/"
"ip2399.net Mozilla/4.0 (compatible; MSIE 5.5; Windows 98; DigExt)",?,5400,3,1800,"/"
"ip1651.unr Mozilla/4.0 (compatible; MSIE 6.0; Windows NT 5.2; .NET CLR 1.1.4322)",?,5877,5,1453,"/meetings/meetings-past.html"
"ip1238.net Mozilla/4.0 (compatible; MSIE 6.0; Windows NT 5.0)",?,1809,3,603,"/"
"ip1404.net Mozilla/5.0 (Windows; U; Windows NT 5.1; en-US; rv:1.7.12) Gecko/20050915 Firefox/1.0.7",?,1801,2,900,"/software/"
"ip1523.unr Mozilla/4.0 (compatible; MSIE 6.0; Windows NT 5.1; SV1; .NET CLR 1.1.4322)",?,4307,12,358,"/"
"ip1178.by Mozilla/3.0 (compatible;)",by,1810,2,905,"/software/text.html"
"ip94.unr Mozilla/5.0 (Windows; U; Windows NT 5.1; ko-KR; rv:1.7.7) Gecko/20050414 Firefox/1.0.3",?,1829,4,457,"/"
"ip1444.unr Mozilla/4.0 (compatible; MSIE 6.0; Windows NT 5.0)",?,2585,10,258,"/index.html"
"ip506.ar Mozilla/5.0 (Windows; U; Windows NT 5.0; en-US; rv:1.7.10) Gecko/20050716 Firefox/1.0.6",ar,1936,5,387,"/"
"ip1157.unr Mozilla/5.0 (Windows; U; Windows NT 5.0; de-DE; rv:1.7.5) Gecko/20041122 Firefox/1.0",?,1815,3,605,"/"
"ip219.fr Mozilla/5.0 (X11; U; Linux i686; en-US; rv:1.7.7) Gecko/20050511",fr,7207,5,1575,"/"
"ip235.tw Mozilla/4.0 (compatible; MSIE 6.0; Windows NT 5.1; SV1)",tw,2107,5,421,"/software/text.html"
"ip1481.unr Mozilla/4.0 (compatible; MSIE 6.0; Windows NT 5.1; SV1; .NET CLR 1.1.4322)",?,4044,7,584,"/"
"ip2384.pt Mozilla/4.0 (compatible; MSIE 6.0; Windows NT 5.1; SV1)",pt,1817,2,908,"/"
"ip2451.net Mozilla/5.0 (Windows; U; Windows NT 5.1; en-US; rv:1.7.12) Gecko/20050915 Firefox/1.0.7",?,2452,3,817,"/news/2005/n08/24i.html"
"ip71.com Mozilla/4.0 (compatible; MSIE 6.0; Windows NT 5.1; Hewlett-Packard; SV1; .NET CLR 1.0.3705; .NET CLR 1.1.4322)",?,3391,15,226,"/"
"ip595.uk Mozilla/4.0 (compatible; MSIE 6.0; Windows NT 5.0)",uk,1888,3,629,"/"
"ip805.sg Mozilla/3.0 (compatible; WebMon 1.0.10; Windows XP)",sg,5400,3,1800,"/"
"ip268.net Mozilla/4.0 (compatible; MSIE 6.0; Windows 98; .NET CLR 1.1.4322)",?,1805,2,902,"/"
"ip603.uk Mozilla/4.0 (compatible; MSIE 6.0; Windows NT 5.1; SV1; .NET CLR 1.1.4322)",uk,1839,2,919,"/software/"
"ip605.uk Mozilla/4.0 (compatible; MSIE 6.0; Windows NT 5.1; SV1; .NET CLR 1.1.4322)",uk,2358,17,138,"/companies/"
"ip597.unr Mozilla/4.0 (compatible; MSIE 6.0; Windows NT 5.1; SV1)",?,1819,2,909,"/"
"ip606.uk Mozilla/4.0 (compatible; MSIE 6.0; Windows NT 5.1; SV1; .NET CLR 1.1.4322)",uk,1921,3,640,"/"
"ip1188.unr Mozilla/4.0 (compatible; MSIE 6.0; Windows NT 5.0; iebar; acc=ntdll; .NET CLR 1.1.4322)",?,3602,3,1350,"/software/clustering.html"
"ip607.uk Mozilla/4.0 (compatible; MSIE 6.0; Windows NT 5.1; SV1; .NET CLR 1.1.4322)",uk,2321,5,464,"/"
"ip2346.be Mozilla/4.0 (compatible; MSIE 6.0; Windows NT 5.1; SV1; .NET CLR 1.1.4322)",be,2089,4,522,"/polls/2002/predicting_S&P500.htm"
"ip608.uk Mozilla/4.0 (compatible; MSIE 6.0; Windows NT 5.1; SV1; .NET CLR 1.1.4322)",uk,2023,4,505,"/"
"ip112.edu Mozilla/4.0 (compatible; MSIE 6.0; Windows NT 5.1; SV1)",?,1800,2,900,"/courses"
"ip1160.com Mozilla/4.0 (compatible; MSIE 6.0; Windows NT 5.1; SV1)",?,1801,2,900,"/siftware.html"
"ip1312.unr Mozilla/4.0 (compatible; MSIE 6.0; Windows NT 5.2; .NET CLR 1.1.4322)",?,5822,5,1446,"/software/visualization.html"
"ip885.th Mozilla/4.0 (compatible; MSIE 6.0; Windows NT 5.1; SV1; .NET CLR 1.1.4322)",th,1815,2,907,"/"
"ip1168.it Mozilla/4.0 (compatible; MSIE 6.0; Windows NT 5.1; SV1)",it,1843,3,614,"/index.html"
"ip2424.net Mozilla/4.0 (compatible; MSIE 6.0; Windows 98)",?,1940,2,970,"/news/96/n15.html"
"ip272.de Mozilla/5.0 (Windows; U; Windows NT 5.1; en-US; rv:1.7.11) Gecko/20050728",de,1812,2,906,"/"
"ip2363.net Mozilla/5.0 (Windows; U; Windows NT 5.1; it-IT; rv:1.7.12) Gecko/20050919 Firefox/1.0.7",?,1892,3,630,"/software/"
"ip98.de Mozilla/5.0 (Windows; U; Windows NT 5.0; de-AT; rv:1.3) Gecko/20030312",de,1922,8,240,"/software/"
"ip1236.com Mozilla/4.0 (compatible; MSIE 6.0; Windows NT 5.0; iebar; acc=ntdll; .NET CLR 1.1.4322)",?,3600,2,1800,"/software/clustering.html"
"ip940.com Mozilla/4.0 (compatible; MSIE 6.0; Windows NT 5.1; .NET CLR 1.1.4322)",?,3604,3,1351,"/"
"ip721.br Mozilla/4.0 (compatible; MSIE 6.0; Windows NT 5.1; SV1)",br,2121,4,530,"/"
"ip15.com Mozilla/4.0 (compatible; MSIE 6.0; Windows NT 5.0)",?,1952,3,650,"/news/2004/n13/15i.html"
"ip2126.net Mozilla/5.0 (Windows; U; Windows NT 5.1; en-US; rv:1.7.6) Gecko/20050317 Firefox/1.0.2",?,1802,2,901,"/"
"ip777.unr Mozilla/4.0 (compatible; MSIE 6.0; Windows NT 5.1; SV1; Maxthon; .NET CLR 1.1.4322; .NET CLR 2.0.50727)",?,2087,2,1043,"/software/classification-neural.html"
"ip550.net Mozilla/4.0 (compatible; MSIE 6.0; Windows NT 5.0; .NET CLR 1.0.3705)",?,2051,7,293,"/jobs/index.html"
"ip1350.unr Mozilla/5.0 (Windows; U; Windows NT 5.0; zh-CN; rv:1.7.10) Gecko/20050717 Firefox/1.0.6 (ax)",?,2101,3,700,"/"
"ip592.unr Mozilla/4.0 (compatible; MSIE 6.0; Windows NT 5.0)",?,3660,6,610,"/phpBB/viewforum.php?f=3"
"ip69.edu Mozilla/4.0 (compatible; MSIE 6.0; Windows NT 5.1; SV1; .NET CLR 1.1.4322; InfoPath.1)",?,1841,4,460,"/"
"ip1787.net Mozilla/4.0 (compatible; MSIE 6.0; Windows NT 5.1; SV1; Alexa Toolbar; mxie; KKman3.0)",?,2483,2,1241,"/software/visualization.html"
"ip1344.unr Mozilla/4.0 (compatible; MSIE 6.0; Windows NT 5.1)",?,2760,4,690,"/"
"ip584.com Mozilla/4.0 (compatible; MSIE 6.0; Windows NT 5.1; SV1; .NET CLR 1.1.4322)",?,2854,4,713,"/solutions/fraud-detection.html"
"ip1788.net Mozilla/4.0 (compatible; MSIE 6.0; Windows NT 5.1; SV1; .NET CLR 1.1.4322)",?,1842,2,921,"/polls/2002/data_mining_tools.htm"
"ip1296.unr Mozilla/4.0 (compatible; MSIE 6.0; Windows NT 5.1; SV1; .NET CLR 1.0.3705; .NET CLR 1.1.4322)",?,2012,3,670,"/"
"ip853.unr Mozilla/3.0 (compatible)",?,2241,2,1120,"/"
"ip507.com Mozilla/4.0 (compatible; MSIE 6.0; Windows NT 5.1; SV1; .NET CLR 1.1.4322)",?,2028,6,338,"/news/2005/n20/"
"ip1069.us Mozilla/4.0 (compatible; MSIE 6.0; Windows NT 5.1)",us,3704,4,1217,"/"
"ip283.de Mozilla/5.0 (Windows; U; Windows NT 5.1; en-US; rv:1.7.12) Gecko/20050915 Firefox/1.0.7",de,1819,4,454,"/index_kdm.html"
"ip2143.net Mozilla/4.0 (compatible; MSIE 6.0; Windows NT 5.1; SV1)",?,1800,2,900,"/jobs"
"ip171.jp Mozilla/4.0 (compatible; MSIE 6.0; Windows NT 5.1; SV1; .NET CLR 1.1.4322; .NET CLR 1.0.3705)",jp,1883,3,627,"/"
"ip868.in Mozilla/4.0 (compatible; MSIE 6.0; Windows NT 5.0)",in,3603,3,1350,"/companies.html"
"ip431.fr Mozilla/5.0 (Windows; U; Windows NT 5.0; fr-FR; rv:1.7.12) Gecko/20050919 Firefox/1.0.7",fr,1824,2,912,"/"
"ip898.unr Mozilla/4.0 (compatible; MSIE 6.0; Windows NT 5.1; .NET CLR 1.1.4322)",?,2155,2,1077,"/news/96/n25.html"
"ip2367.net Mozilla/4.0 (compatible; MSIE 6.0; Windows NT 5.1; SV1; MyIE2)",?,1906,3,635,"/"
"ip941.com Mozilla/4.0 (compatible; MSIE 6.0; Windows NT 5.0; .NET CLR 1.1.4322)",?,2295,13,176,"/"
"ip601.com Mozilla/4.0 (compatible; MSIE 6.0; Windows NT 5.1; (R1 1.5))",?,2024,7,289,"/kdd98"
"ip991.unr Mozilla/4.0 (compatible; MSIE 6.0; Windows NT 5.0; .NET CLR 1.1.4322)",?,2464,2,1232,"/solutions/crm.html"
"ip191.edu Mozilla/5.0 (Windows; U; Windows NT 5.1; en-US; rv:1.7.12) Gecko/20050915 Firefox/1.0.7",?,1826,2,913,"/"
"ip430.fr Mozilla/4.0 (compatible; MSIE 6.0; Windows NT 5.0; .NET CLR 1.1.4322)",fr,3406,4,851,"/datasets/index.html"
"ip107.edu Mozilla/4.0 (compatible; MSIE 6.0; Windows NT 5.1; SV1; .NET CLR 1.1.4322)",?,1800,2,900,"/courses"
"ip2142.net Mozilla/5.0 (Windows; U; Windows NT 5.1; en-US; rv:1.7.2) Gecko/20040804 Netscape/7.2 (ax)",?,2084,9,231,"/"
"ip1078.net Mozilla/4.0 (compatible; MSIE 5.5; Windows NT 5.0)",?,1836,3,612,"/tools.html"
"ip246.mil Mozilla/4.0 (compatible; MSIE 6.0; Windows NT 5.1; SV1; .NET CLR 1.1.4322)",mil,3875,3,1418,"/dmcourse/data_mining_course/assignments/final-project.html"
"ip2376.pt Mozilla/5.0 (Windows; U; Windows NT 5.1; en-US; rv:1.7.12) Gecko/20050915 Firefox/1.0.7",pt,3795,8,617,"/"
"ip1352.unr Mozilla/4.0 (compatible; MSIE 6.0; Windows NT 5.0)",?,2131,2,1065,"/software/statistics.html"
"ip1478.in Mozilla/4.0 (compatible; MSIE 6.0; Windows NT 5.1; SV1)",in,13207,16,1577,"/companies/consulting.html"
"ip353.net Mozilla/4.0 (compatible; MSIE 6.0; Windows NT 5.1; Hewlett-Packard; SV1; .NET CLR 1.1.4322; .NET CLR 1.0.3705)",?,1866,3,622,"/dmcourse/data_mining_course/course_outline.html"
"ip672.zw Mozilla/4.0 (compatible; MSIE 6.0; Windows NT 5.1)",zw,2983,2,1491,"/"
"ip421.pl Mozilla/5.0 (Windows; U; Windows NT 5.1; PL; rv:1.7.2) Gecko/20040803",pl,1843,2,921,"/software/visualization.html"
"ip1300.com Mozilla/4.0 (compatible; MSIE 6.0; Windows NT 5.1; .NET CLR 1.0.3705; .NET CLR 1.1.4322)",?,8001,5,1633,"/software/visualization.html"
"ip1480.unr Mozilla/4.0 (compatible; MSIE 6.0; Windows NT 5.0)",?,6557,7,925,"/subscribe.html"
"ip791.in Mozilla/4.0 (compatible; MSIE 6.0; Windows NT 5.1)",in,1956,5,391,"/news/2004/"
"ip2382.unr Mozilla/4.0 (compatible; MSIE 6.0; Windows NT 5.1; SV1; .NET CLR 1.1.4322; .NET CLR 1.0.3705)",?,1968,4,492,"/"
"ip1645.com Mozilla/4.0 (compatible; MSIE 6.0; Windows NT 5.1; SV1)",?,2078,7,296,"/"
"ip661.unr Mozilla/5.0 (Windows; U; Win98; fr-FR; rv:1.7.12) Gecko/20050919 Firefox/1.0.7 (ax)",?,1903,11,173,"/news/2005/n15/"
"ip556.com Mozilla/4.0 (compatible; MSIE 6.0; Windows NT 5.0; en) Opera 8.50",?,1876,4,469,"/news/2005/n17/"
"ip2462.tr Mozilla/4.0 (compatible; MSIE 6.0; Windows NT 5.1; SV1; .NET CLR 1.1.4322)",tr,2248,2,1124,"/"
"ip632.de Mozilla/5.0 (X11; U; Linux i686; en-US; rv:1.7.6) Gecko/20050317 Firefox/1.0.1",de,1823,2,911,"/"
"ip493.unr Mozilla/4.0 (compatible; MSIE 6.0; Windows NT 5.1; SV1; .NET CLR 1.1.4322; .NET CLR 1.0.3705)",?,1813,2,906,"/jobs/index.html"
"ip433.ve Mozilla/5.0 (X11; U; Linux i686; en-US; rv:1.7.5) Gecko/20041111 Firefox/1.0",ve,2107,6,351,"/"
"ip1009.unr Mozilla/4.0 (compatible; MSIE 6.0; Windows NT 5.1; SV1; .NET CLR 1.0.3705; .NET CLR 1.1.4322)",?,1832,3,610,"/"
"ip304.COM Mozilla/4.0 (compatible; MSIE 6.0; Windows NT 5.1; H010818; .NET CLR 1.1.4322)",?,1818,2,909,"/software/"
"ip424.unr Mozilla/5.0 (Windows; U; Windows NT 5.1; zh-CN; rv:1.8b5) Gecko/20051006 Firefox/1.4.1",?,1817,2,908,"/"
"ip1438.in Mozilla/4.0 (compatible; MSIE 6.0; Windows NT 5.1)",in,1800,2,900,"/datasets.html"
"ip1477.in Mozilla/4.0 (compatible; MSIE 6.0; Windows NT 5.1)",in,2882,2,1441,"/"
"ip1492.unr Mozilla/5.0 (X11; U; Linux i686; en-US; rv:1.4) Gecko/20030922",?,2029,5,405,"/news/2005/n20/29i.html"
"ip2248.net Mozilla/4.0 (compatible; MSIE 6.0; Windows NT 5.1; YPC 3.0.1; SV1; .NET CLR 1.0.3705; .NET CLR 1.1.4322; Tablet PC 1.7)",?,3712,5,1139,"/"
"ip749.unr Mozilla/4.0 (compatible; MSIE 6.0; Windows NT 5.0)",?,2099,2,1049,"/"
"ip1564.unr Mozilla/4.0 (compatible; MSIE 6.0; Windows NT 4.0)",?,1851,5,370,"/news/2005/n21"
"ip684.org Mozilla/4.0 (compatible; MSIE 6.0; Windows NT 5.0; {{St.Vincent.Health}}; .NET CLR 1.1.4322)",?,1809,2,904,"/"
"ip936.com Mozilla/4.0 (compatible; MSIE 6.0; Windows NT 5.0; .NET CLR 1.1.4322)",?,4220,5,902,"/"
"ip1821.unr Mozilla/4.0 (compatible; MSIE 6.0; Windows NT 5.1; SV1; .NET CLR 1.1.4322)",?,2344,10,234,"/education/"
"ip1406.net Mozilla/4.0 (compatible; MSIE 6.0; Windows NT 5.1; SV1; .NET CLR 1.0.3705; .NET CLR 1.1.4322)",?,1816,2,908,"/"
"ip89.unr Mozilla/4.0 (compatible; MSIE 6.0; Windows NT 5.0)",?,3797,23,165,"/dmcourse/data_mining_course/index.html"
"ip1648.com Mozilla/4.0 (compatible; MSIE 6.0; Windows NT 5.1; SV1; .NET CLR 1.1.4322; .NET CLR 2.0.50215)",?,3603,3,1350,"/"
"ip2127.net Mozilla/5.0 (Windows; U; Windows NT 5.1; en-US; rv:1.7.10) Gecko/20050716 Firefox/1.0.6",?,1815,3,605,"/"
"ip541.org Mozilla/4.0 (compatible; MSIE 6.0; Windows NT 5.1; SV1; .NET CLR 1.1.4322)",?,2095,8,261,"/news/2005/n21/"
"ip1495.net Mozilla/4.0 (compatible; MSIE 6.0; Windows NT 5.1; SV1; .NET CLR 1.1.4322)",?,1810,2,905,"/"
"ip1185.unr Mozilla/4.0 (compatible; MSIE 6.0; Windows NT 5.1)",?,1863,5,372,"/"
"ip422.unr Mozilla/5.0 (Windows; U; Windows NT 5.1; en-US; rv:1.7.12) Gecko/20050915 Firefox/1.0.7",?,3059,10,305,"/"
"ip2406.it Mozilla/4.0 (compatible; MSIE 6.0; Windows NT 5.1; SV1; Maxthon; .NET CLR 1.0.3705; .NET CLR 1.1.4322)",it,4247,3,1511,"/"
"ip589.it Mozilla/4.0 (compatible; MSIE 6.0; Windows NT 5.0)",it,3703,9,411,"/"
"ip456.uk Mozilla/4.0 (compatible; MSIE 6.0; Windows NT 5.1; SV1; .NET CLR 1.1.4322)",uk,4055,3,1351,"/jobs/2005-09-23_ac_two.html"
"ip2221.net Mozilla/5.0 (Windows; U; Windows NT 5.1; en-US; rv:1.7.10) Gecko/20050716 Firefox/1.0.6",?,1831,2,915,"/jobs/index.html"
"ip590.it Mozilla/5.0 (X11; U; Linux i686; en-US; rv:1.7.10) Gecko/20050909 Fedora/1.0.6-1.2.fc3 Firefox/1.0.6",it,2020,8,252,"/datasets/kddcup.html"
"ip1231.net Mozilla/5.0 (X11; U; Linux i686; rv:1.7.3) Gecko/20041020 Firefox/0.10.1",?,1804,2,902,"/"
"ip1482.unr Mozilla/4.0 (compatible; MSIE 6.0; Windows NT 5.0; MyIE2)",?,2957,4,739,"/subscribe.html"
"ip153.edu Mozilla/4.0 (compatible; MSIE 6.0; Windows NT 5.1; SV1; .NET CLR 1.1.4322; .NET CLR 1.0.3705)",?,1912,2,956,"/news/2001/n03/5i.html"
"ip1643.unr Mozilla/4.0 (compatible; MSIE 6.0; Windows NT 5.2; .NET CLR 1.1.4322)",?,2666,5,533,"/software/data-cleaning.html"
"ip719.br Mozilla/5.0 (Windows; U; Windows NT 5.1; en-US; rv:1.7.8) Gecko/20050511 Firefox/1.0.4",br,1801,2,900,"/"
"ip565.ie Mozilla/4.0 (compatible; MSIE 6.0; Windows NT 5.0; .NET CLR 1.0.3705; .NET CLR 1.1.4322)",ie,2269,23,98,"/"
"ip1262.pt Mozilla/5.0 (Windows; U; Windows NT 5.1; en-US; rv:1.7.12) Gecko/20050915 Firefox/1.0.7",pt,3237,5,647,"/software/suites.html"
"ip756.mx Mozilla/4.0 (compatible; MSIE 6.0; Windows NT 5.0)",mx,4023,4,1005,"/software/"
"ip741.mx Mozilla/4.0 (compatible; MSIE 6.0; Windows NT 5.0)",mx,3600,2,1800,"/software/deviation.html"
"ip693.unr Mozilla/5.0 (Windows; U; Windows NT 5.0; en-US; rv:1.7.8) Gecko/20050511 Firefox/1.0.4",?,5400,3,1800,"/software/classification-tree-rules.html"
"ip188.fr Mozilla/4.0 (compatible; MSIE 6.0; Windows NT 5.1; SV1)",fr,3980,10,398,"/software/web.html"
"ip2368.unr Mozilla/4.0 (compatible; MSIE 6.0; Windows NT 5.1; (R1 1.5))",?,2239,4,559,"/"
"ip372.unr Mozilla/4.0 (compatible; MSIE 6.0; Windows NT 5.1; .NET CLR 1.1.4322)",?,2034,3,678,"/news/2003/n03"
"ip1789.net Mozilla/4.0 (compatible; MSIE 6.0; Windows NT 5.1; SV1; .NET CLR 1.1.4322)",?,1807,2,903,"/"
"ip535.COM Mozilla/4.0 (compatible; MSIE 6.0; Windows NT 5.0)",?,1844,2,922,"/"
"ip1330.unr Mozilla/4.0 (compatible; MSIE 5.0; Windows 98; DigExt; empas)",?,3600,2,1800,"/news/2003/n22/1i.html"
"ip750.cu Mozilla/4.0 (compatible; MSIE 6.0; Windows NT 5.1; SV1; .NET CLR 1.1.4322)",cu,1954,2,977,"/"
"ip103.com Mozilla/4.0 (compatible; MSIE 6.0; Windows NT 5.1; .NET CLR 1.0.3705; .NET CLR 1.1.4322)",?,1866,2,933,"/software/classification-tree-rules.html"
"ip1290.unr Mozilla/4.0 (compatible; MSIE 6.0; Windows NT 5.2; SV1; Maxthon; .NET CLR 1.1.4322)",?,3600,2,1800,"/software/index.html"
"ip1297.unr Mozilla/4.0 (compatible; MSIE 6.0; Windows NT 5.1; TencentTraveler )",?,1804,2,902,"/subscribe.html"
"ip743.mx Mozilla/4.0 (compatible; MSIE 6.0; Windows NT 5.0)",mx,1820,2,910,"/software/web.html"
"ip720.unr Mozilla/4.0 (compatible; MSIE 6.0; Windows NT 5.0)",?,2166,2,1083,"/"
"ip1828.unr Mozilla/4.0 (compatible; MSIE 6.0; Windows NT 5.1; SV1)",?,4757,20,237,"/"
"ip2394.net Mozilla/4.0 (compatible; MSIE 6.0; Windows NT 5.1; .NET CLR 1.1.4322)",?,1824,2,912,"/"
"ip1334.unr Mozilla/5.0 (Macintosh; U; PPC Mac OS X; en) AppleWebKit/416.11 (KHTML, like Gecko) Safari/416.12",?,1818,2,909,"/"
"ip1010.com Mozilla/4.0 (compatible; MSIE 6.0; Windows NT 5.1; SV1; .NET CLR 1.1.4322)",?,4030,4,1007,"/solutions/banking.html"
"ip45.edu Mozilla/5.0 (X11; U; Linux i686; en-US; rv:1.7.12) Gecko/20050920 Firefox/1.0.7 SUSE/1.0.7-0.1",?,1858,3,619,"/news/2005/n21/35i.html"
"ip483.sg Mozilla/5.0 (Windows; U; Windows NT 5.1; en-US; rv:1.7.6) Gecko/20050317 Firefox/1.0.2",sg,2760,2,1380,"/news/2005/n21/index.html"
"ip639.unr Mozilla/4.0 (compatible; MSIE 6.0; Windows NT 5.1; SV1; .NET CLR 1.1.4322)",?,1816,2,908,"/companies/"
"ip2352.pl Mozilla/4.0 (compatible; MSIE 6.0; Windows NT 5.1; SV1; .NET CLR 1.1.4322)",pl,2573,2,1286,"/datasets/"
"ip1808.net Mozilla/4.0 (compatible; MSIE 6.0; Windows NT 5.1; Q312461; SV1; .NET CLR 1.0.3705; .NET CLR 1.1.4322)",?,2011,6,335,"/"
"ip180.com Mozilla/4.0 (compatible; MSIE 6.0; Windows NT 5.1)",?,1811,2,905,"/"
"ip2459.tr Mozilla/4.0 (compatible; MSIE 6.0; Windows NT 5.1; FunWebProducts; .NET CLR 1.1.4322)",tr,1973,2,986,"/gps.html"
"ip1101.au Mozilla/4.0 (compatible; MSIE 6.0; Windows NT 5.1; SV1; .NET CLR 1.1.4322)",au,2418,7,345,"/dmcourse/index.html"
"ip2128.net Mozilla/5.0 (Windows; U; Windows NT 5.1; en-US; rv:1.7.12) Gecko/20050915 Firefox/1.0.7",?,2627,4,656,"/publications/books.html"
"ip1319.unr Mozilla/5.0 (Windows; U; Windows NT 5.1; en-US; rv:1.7.5) Gecko/20051012 Netscape/8.0.4",?,1900,3,633,"/"
"ip824.unr Mozilla/4.0 (compatible; MSIE 6.0; Windows 98)",?,2080,2,1040,"/software/"
"ip1574.com Mozilla/5.0 (Windows; U; Windows NT 5.1; en-US; rv:1.7.12) Gecko/20050915 Firefox/1.0.7",?,2003,8,250,"/jobs/index.html"
"ip1222.net Mozilla/4.0 (compatible; MSIE 6.0; Windows NT 5.1; .NET CLR 1.1.4322)",?,1806,2,903,"/"
"ip776.br Mozilla/4.0 (compatible; MSIE 6.0; Windows NT 5.1; SV1; .NET CLR 1.1.4322; InfoPath.1; .NET CLR 2.0.50727)",br,2545,4,636,"/dmcourse/"
"ip1224.unr Mozilla/4.0 (compatible; MSIE 6.0; Windows NT 5.1; SV1; FunWebProducts; .NET CLR 1.1.4322),gzip(gfe) (via translate.google.com)",?,3583,2,1791,"/software/classification-svm.html"
"ip1131.unr Mozilla/4.0 (compatible; MSIE 6.0; Windows NT 5.1; SV1)",?,1812,2,906,"/solutions/crm.html"
"ip744.mx Mozilla/4.0 (compatible; MSIE 6.0; Windows NT 5.0)",mx,2845,2,1422,"/software/associations.html"
"ip1327.unr Mozilla/4.0 (compatible; MSIE 5.0; Windows 98; DigExt; empas)",?,3600,2,1800,"/news/2003/n22/22i.html"
"ip1.unr Mozilla/4.0 (compatible; MSIE 6.0; Windows NT 5.1; .NET CLR 1.1.4322)",?,1905,5,381,"/jobs/"
"ip2116.net Mozilla/4.0 (compatible; MSIE 6.0; Windows NT 5.1; SV1; .NET CLR 1.1.4322; .NET CLR 2.0.40607)",?,1956,4,489,"/"
"ip588.it Mozilla/4.0 (compatible; MSIE 6.0; Windows NT 5.1)",it,2125,6,354,"/"
"ip512.unr Mozilla/5.0 (Windows; U; Windows NT 5.1; en-US; rv:1.7.12) Gecko/20050915 Firefox/1.0.7",?,2079,6,346,"/"
"ip892.unr Mozilla/5.0 (Windows; U; Windows NT 5.1; en-US; rv:1.8) Gecko/20051107 Firefox/1.5",?,1854,18,103,"/"
"ip2328.net Mozilla/4.0 (compatible; MSIE 6.0; Windows NT 5.0)",?,2026,8,253,"/"
"ip707.com Mozilla/4.0 (compatible; MSIE 6.0; Windows NT 5.1; .NET CLR 1.0.3705; .NET CLR 1.1.4322)",?,1807,2,903,"/"
"ip922.net Mozilla/4.0 (compatible; MSIE 6.0; Windows 98)",?,4156,7,593,"/dmcourse/data_mining_course/assignments/assignment-3.html"
"ip846.in Mozilla/4.0 (compatible; MSIE 6.0; Windows NT 5.0)",in,2701,8,337,"/jobs/2005-08-10_syncata_1_data.html"
"ip2344.net Mozilla/4.0 (compatible; MSIE 6.0; Windows NT 5.1; SV1; .NET CLR 1.1.4322)",?,1810,2,905,"/software/text.html"
"ip938.unr Mozilla/4.5 [en] (Win98; I)",?,1805,2,902,"/"
"ip2265.com Mozilla/4.0 (compatible; MSIE 6.0; Windows NT 5.0; Roadrunner)",?,1804,2,902,"/"
"ip395.es Mozilla/5.0 (Windows; U; Windows NT 5.1; es-ES; rv:1.7.12) Gecko/20050919 Firefox/1.0.7",es,3834,5,793,"/"
"ip54.EDU Mozilla/4.0 (compatible; MSIE 6.0; Windows NT 5.1; SV1; .NET CLR 1.1.4322)",?,1807,2,903,"/news/2005/n07/12i.html"
"ip293.net Mozilla/4.0 (compatible; MSIE 6.0; Windows NT 5.1; SV1; .NET CLR 1.0.3705)",?,1820,3,606,"/jobs"
"ip2362.it Mozilla/5.0 (Macintosh; U; PPC Mac OS X; en) AppleWebKit/416.11 (KHTML, like Gecko) Safari/416.12",it,1867,5,373,"/"
"ip638.unr Mozilla/4.0 (compatible; MSIE 6.0; Windows NT 5.1; SV1; .NET CLR 1.1.4322)",?,2840,3,946,"/"
"ip134.uk Mozilla/4.0 (compatible; MSIE 6.0; Windows NT 5.1; SV1; .NET CLR 1.1.4322; InfoPath.1)",uk,1900,5,380,"/"
"ip1336.net Mozilla/4.0 (compatible; MSIE 6.0; Windows NT 5.1; SV1)",?,3500,3,1166,"/dmcourse/data_mining_course/intro_for_faculty.html"
"ip1214.net Mozilla/4.0 (compatible; MSIE 6.0; Windows NT 5.0; T312461; Q312461; sbcydsl 3.12; .NET CLR 1.0.3705; .NET CLR 1.1.4322)",?,2074,3,691,"/software/text.html"
"ip301.unr Mozilla/4.0 (compatible; MSIE 6.0; Windows NT 5.1; SV1; .NET CLR 1.1.4322)",?,1801,3,600,"/courses"
"ip567.gr Mozilla/4.0 (compatible; MSIE 6.0; Windows NT 5.1; SV1; .NET CLR 1.1.4322)",gr,1816,2,908,"/news/2003/n19/22i.html"
"ip528.com Mozilla/5.0 (Windows; U; Windows NT 5.1; de-DE; rv:1.7.5) Gecko/20041108 Firefox/1.0",?,1856,3,618,"/"
"ip995.com Mozilla/4.0 (compatible; MSIE 6.0; Windows NT 5.0)",?,1818,2,909,"/"
"ip1023.ca Mozilla/4.0 (compatible; MSIE 6.0; Windows NT 5.0; .NET CLR 1.1.4322)",ca,4105,15,396,"/phpBB/viewforum.php?f=3&sid=f25fe1d6d0c0257af833861833e39160"
"ip164.unr Mozilla/4.0 (compatible; MSIE 6.0; Windows NT 5.1; SV1; .NET CLR 1.1.4322)",?,2764,17,162,"/publications/index.html"
"ip1684.net Mozilla/5.0 (Windows; U; Windows NT 5.1; en-US; rv:1.7.6) Gecko/20050225 Firefox/1.0.1",?,1805,2,902,"/"
"ip458.es Mozilla/4.0 (compatible; MSIE 6.0; Windows NT 5.0)",es,1968,3,656,"/"
"ip2421.se Mozilla/5.0 (Windows; U; Windows NT 5.1; en-US; rv:1.7.12) Gecko/20050915 Firefox/1.0.7",se,1901,2,950,"/"
"ip1618.net Mozilla/4.0 (compatible; MSIE 6.0; Windows NT 5.1; SV1; .NET CLR 1.1.4322)",?,1801,4,450,"/meetings/kdd98"
"ip592.unr Mozilla/4.0 (compatible;)",?,5795,4,1565,"/datasets/index.html"
"ip2469.com Mozilla/5.0 (Windows; U; Windows NT 5.1; en-GB; rv:1.7.12) Gecko/20050919 Firefox/1.0.7",?,1806,2,903,"/polls/2002/data_mining_tools.htm"
"ip322.ch Mozilla/4.0 (compatible; MSIE 6.0; Windows NT 5.1; SV1; .NET CLR 1.0.3705; .NET CLR 1.1.4322)",ch,2056,5,411,"/"
"ip1435.in Mozilla/5.0 (Windows; U; Windows NT 5.1; en-US; rv:1.7.10) Gecko/20050716 Firefox/1.0.6",in,1838,2,919,"/consulting.html"
"ip1442.unr Mozilla/4.0 (compatible; MSIE 6.0; Windows NT 5.1; SV1)",?,1906,2,953,"/software/web.html"
"ip361.es Mozilla/5.0 (X11; U; Linux i686; es-ES; rv:1.7.12) Gecko/20050922 Fedora/1.0.7-1.1.fc4 Firefox/1.0.7",es,1826,4,456,"/siftware.html"
"ip706.com Mozilla/4.0 (compatible; MSIE 6.0; Windows NT 5.1)",?,1837,2,918,"/software/visualization.html"
"ip1563.unr Mozilla/4.0 (compatible; MSIE 6.0; Windows NT 5.1; Mister X)",?,3273,2,1636,"/"
"ip261.unr Mozilla/4.0 (compatible; MSIE 6.0; Windows NT 5.1; SV1; .NET CLR 1.1.4322)",?,1813,2,906,"/"
"ip207.uk Mozilla/4.0 (compatible; MSIE 6.0; Windows NT 5.1; SV1; UBIS-RESNET 2.0)",uk,1895,2,947,"/software/classification-tree-rules.html"
"ip2302.com Mozilla/4.0 (compatible; MSIE 6.0; Windows NT 5.0)",?,7937,9,1036,"/"
"ip1275.unr Mozilla/4.0 (compatible; MSIE 6.0; Windows NT 5.0)",?,1850,2,925,"/gps.html"
"ip784.th Mozilla/4.0 (compatible; MSIE 6.0; Windows NT 5.1; SV1; .NET CLR 1.1.4322)",th,1906,4,476,"/"
"ip1261.net Mozilla/4.0 (compatible; MSIE 5.0; Windows NT; DigExt)",?,2656,2,1328,"/news/2002/n06/22i.html"
"ip2436.net Mozilla/5.0 (Windows; U; Windows NT 5.1; en-US; rv:1.7.12) Gecko/20050915 Firefox/1.0.7",?,1805,2,902,"/"
"ip2355.unr Mozilla/5.0 (Windows; U; Windows NT 5.1; pt-PT; rv:1.7.12) Gecko/20050919 Firefox/1.0.7",?,1919,74,25,"/polls/2004/time_series_data_mining.htm"
"ip1598.ca Mozilla/5.0 (Windows; U; Windows NT 5.1; en-US; rv:1.7.5) Gecko/20041107 Firefox/1.0",ca,5447,8,953,"/software/"
"ip247.edu Mozilla/4.0 (compatible; MSIE 6.0; Windows NT 5.1; SV1)",?,1815,2,907,"/solutions/web-mining.html"
"ip2241.net Mozilla/4.0 (compatible; MSIE 6.0; Windows NT 5.1; SV1; Media Center PC 3.0; .NET CLR 1.0.3705)",?,1800,2,900,"/jobs"
"ip536.sg Mozilla/4.0 (compatible;)",sg,3600,2,1800,"/"
"ip2284.net Mozilla/4.0 (compatible; MSIE 6.0; Windows NT 5.1; SV1)",?,2086,7,298,"/"
"ip1200.net Mozilla/4.0 (compatible; MSIE 6.0; Windows NT 5.1; SV1; .NET CLR 1.0.3705; .NET CLR 2.0.40607)",?,3616,3,1354,"/"
"ip1717.com Mozilla/5.0 (X11; U; Linux i686; rv:1.7.3) Gecko/20041020 Firefox/0.10.1",?,1804,2,902,"/software/"
"ip217.unr Mozilla/5.0 (Windows; U; Windows NT 5.0; en-US; rv:1.8) Gecko/20051107 Firefox/1.5",?,1800,2,900,"/software/dbolap.html"
"ip731.br Mozilla/5.0 (Windows; U; Windows NT 5.1; pt-BR; rv:1.7.12) Gecko/20050919 Firefox/1.0.7",br,4607,21,970,"/fdsearch/search.pl?Realm=Recent&Match=1&Terms=clementine&maxhits=10&Rank=41"
"ip2476.tr Mozilla/4.0 (compatible; MSIE 6.0; Windows NT 5.1; SV1; .NET CLR 1.1.4322; InfoPath.1)",tr,1857,2,928,"/"
"ip1589.unr Mozilla/4.0 (compatible; MSIE 6.0; Windows NT 5.1; SV1; .NET CLR 1.1.4322; InfoPath.1; .NET CLR 2.0.50727)",?,5676,6,955,"/software/classification-neural.html"
"ip167.jp Mozilla/5.0 (Windows; U; Windows NT 5.0; ja-JP; rv:1.7.12) Gecko/20050919 Firefox/1.0.7",jp,1866,2,933,"/dmcourse/data_mining_course/index.html"
"ip60.edu Mozilla/5.0 (Windows; U; Windows NT 5.1; en-US; rv:1.7.12) Gecko/20050915 Firefox/1.0.7",?,1811,2,905,"/"
"ip2201.com Mozilla/5.0 (Windows; U; Windows NT 5.1; zh-CN; rv:1.7.10) Gecko/20050717 Firefox/1.0.6",?,3600,2,1800,"/jobs/"
"ip983.ca Mozilla/4.0 (compatible; MSIE 6.0; Windows NT 5.1; SV1; .NET CLR 1.1.4322)",ca,1800,2,900,"/polls/text-mining.htm"
"ip2173.net Mozilla/5.0 (Windows; U; Windows NT 5.1; en-US; rv:1.7.10) Gecko/20050716 Firefox/1.0.6",?,1826,2,913,"/jobs/index.html"
"ip1366.ca Mozilla/4.0 (compatible; MSIE 6.0; Windows NT 5.1; SV1; .NET CLR 1.1.4322)",ca,2991,26,115,"/solutions/crm.html"
"ip735.unr Mozilla/4.0 (compatible; MSIE 6.0; Windows NT 5.1)",?,1831,3,610,"/"
"ip1094.net Mozilla/5.0 (Windows; U; Windows NT 5.1; en-US; rv:1.7.12) Gecko/20050915 Firefox/1.0.7",?,1936,2,968,"/"
"ip1565.com Mozilla/4.0 (compatible; MSIE 6.0; Windows NT 5.1; MathPlayer 2.0; SV1; .NET CLR 1.1.4322; .NET CLR 2.0.50215)",?,2006,11,182,"/software/text.html"
"ip2438.de Mozilla/4.0 (compatible; MSIE 5.0; Windows NT; DigExt)",de,1809,2,904,"/datasets/index.html"
"ip262.unr Mozilla/4.0 (compatible; MSIE 6.0; Windows NT 5.1; SV1)",?,5517,5,1219,"/software/web.html"
"ip1229.com Mozilla/4.0 (compatible; MSIE 6.0; Windows NT 5.0; .NET CLR 1.1.4322)",?,2279,6,379,"/news/2005/n21/"
"ip158.fr Mozilla/5.0 (Windows; U; Windows NT 5.1; en-US; rv:1.7.12) Gecko/20050915 Firefox/1.0.7",fr,1859,3,619,"/"
"ip2268.com Mozilla/4.0 (compatible; MSIE 6.0; Windows NT 5.1; SV1; .NET CLR 1.1.4322)",?,1827,4,456,"/"
"ip1565.com Mozilla/5.0 (Windows; U; Windows NT 5.1; en-US; rv:1.7.12) Gecko/20050915 Firefox/1.0.7",?,2654,4,663,"/software/text.html"
"ip1792.net Mozilla/4.0 (compatible; MSIE 6.0; Windows NT 5.0)",?,1805,2,902,"/"
"ip2146.unr Mozilla/4.0 (compatible; MSIE 6.0; Windows NT 5.0)",?,1876,4,469,"/"
"ip451.unr Mozilla/5.0 (Windows; U; Windows NT 5.1; en-US; rv:1.7.10) Gecko/20050716 Firefox/1.0.6",?,2697,7,385,"/"
"ip695.ca Mozilla/4.0 (compatible; MSIE 6.0; Windows NT 5.1; SV1)",ca,1870,2,935,"/polls/2004/us_canada_data_miners_income.htm"
"ip1139.pl Mozilla/4.0 (compatible; MSIE 6.0; Windows 98; Q312461; .NET CLR 1.1.4322)",pl,1807,2,903,"/"
"ip2180.net Mozilla/4.0 (compatible; MSIE 6.0; Windows NT 5.1; SV1; .NET CLR 1.1.4322)",?,1892,2,946,"/companies/dw_olap.html"
"ip1167.unr Mozilla/4.0 (compatible; MSIE 6.0; Windows NT 5.1; SV1)",?,2881,2,1440,"/"
"ip841.unr Mozilla/5.0 (Windows; U; Win98; en-US; rv:1.7.10) Gecko/20050716 Firefox/1.0.6",?,1939,2,969,"/"
"ip1359.ca Mozilla/4.0 (compatible; MSIE 6.0; Windows NT 5.1; SV1; .NET CLR 1.1.4322)",ca,1818,2,909,"/"
"ip686.com Mozilla/4.0 (compatible; MSIE 6.0; Windows NT 5.0; .NET CLR 1.1.4322)",?,1812,2,906,"/"
"ip2134.com Mozilla/4.0 (compatible; MSIE 6.0; Windows NT 5.1)",?,1901,2,950,"/"
"ip80.edu Mozilla/5.0 (Windows; U; Windows NT 5.1; en-US; rv:1.7) Gecko/20040616",?,1812,2,906,"/software/"
"ip2122.net Mozilla/5.0 (Windows; U; Windows NT 5.1; en-US; rv:1.7.12) Gecko/20050915 Firefox/1.0.7",?,9149,10,1338,"/"
"ip1630.net Mozilla/4.0 (compatible; MSIE 6.0; Windows NT 5.1; SV1; .NET CLR 1.1.4322; InfoPath.1)",?,3831,7,553,"/index.html"
"ip99.edu Mozilla/4.0 (compatible; MSIE 6.0; Windows NT 5.1; .NET CLR 1.1.4322)",?,7405,12,651,"/"
"ip1782.edu Mozilla/4.0 (compatible; MSIE 6.0; Windows NT 5.1; SV1; .NET CLR 1.1.4322)",?,1800,2,900,"/courses"
"ip2449.net Mozilla/5.0 (Windows; U; Windows NT 5.1; de-DE; rv:1.7.8) Gecko/20050511 Firefox/1.0.4",?,1876,3,625,"/polls/2002/data_mining_tools.htm"
"ip371.it Mozilla/4.0 (compatible; MSIE 6.0; Windows NT 5.1; .NET CLR 1.1.4322)",it,1801,3,600,"/software/clustering.html"
"ip698.mil Mozilla/5.0 (Windows NT 5.1; U; en) Opera 8.0",mil,2038,4,509,"/"
"ip1093.net Mozilla/5.0 (Windows; U; Windows NT 5.0; en-US; rv:1.7.12) Gecko/20050915 Firefox/1.0.7",?,1824,2,912,"/jobs/"
"ip1590.156 Mozilla/4.0 (compatible; MSIE 5.01; Windows NT 5.0)",156,1802,3,600,"/"
"ip263.unr Mozilla/4.0 (compatible; MSIE 6.0; Windows NT 5.1; SV1; .NET CLR 1.1.4322)",?,1804,2,902,"/software/web.html"
"ip2148.net Mozilla/5.0 (Windows; U; Windows NT 5.1; en-US; rv:1.7.8) Gecko/20050511 Firefox/1.0.4",?,1875,6,312,"/news/2004/"
"ip2276.net Mozilla/4.0 (compatible; MSIE 6.0; Windows NT 5.1; YPC 3.0.3; SV1)",?,1945,3,648,"/"
"ip937.ca Mozilla/4.0 (compatible; MSIE 6.0; Windows NT 5.0; T312461; .NET CLR 1.0.3705; XMPP TipicIM v.RC6 1.6.8)",ca,1828,2,914,"/dmcourse/data_mining_course/assignments/assignment-3.html"
"ip577.pt Mozilla/4.0 (compatible; MSIE 6.0; Windows NT 5.1; SV1)",pt,1815,3,605,"/"
"ip1384.net Mozilla/4.0 (compatible; MSIE 6.0; Windows NT 5.1; SV1; .NET CLR 1.1.4322)",?,5416,7,1001,"/"
"ip256.unr Mozilla/4.0 (compatible; MSIE 6.0; Windows NT 5.1; SV1; .NET CLR 1.1.4322)",?,3426,2,1713,"/"
"ip1600.com Mozilla/5.0 (Windows; U; Windows NT 5.1; en-US; rv:1.7.6) Gecko/20050317 Firefox/1.0.2",?,2404,4,601,"/"
"ip1220.com Mozilla/4.0 (compatible; MSIE 6.0; Windows NT 5.1; SV1)",?,1809,3,603,"/"
"ip663.eg Mozilla/4.0 (compatible; MSIE 6.0; Windows NT 5.1; FunWebProducts)",eg,2098,4,524,"/software/index.html"
"ip1021.unr Mozilla/4.0 (compatible; MSIE 5.23; Mac_PowerPC)",?,2744,7,392,"/"
"ip2228.com Mozilla/4.0 (compatible; MSIE 6.0; Windows NT 5.0)",?,1800,2,900,"/news/96/index.html"
"ip525.com Mozilla/4.0 (compatible; MSIE 6.0; Windows NT 5.1; SV1)",?,1841,2,920,"/index.html"
"ip1065.unr Mozilla/4.0 (compatible; MSIE 6.0; Windows NT 5.0)",?,4201,12,377,"/phpBB/viewtopic.php?t=20&sid=6976a3fc3d8874a2485bf22729d6f71e"
"ip1780.com Mozilla/4.0 (compatible; MSIE 5.01; Windows NT 5.0)",?,1800,2,900,"/courses"
"ip437.unr Mozilla/4.0 (compatible; MSIE 6.0; Windows NT 5.1; SV1; .NET CLR 1.1.4322)",?,1876,3,625,"/jobs/"
"ip1630.net Mozilla/5.0 (Windows; U; Windows NT 5.1; en-US; rv:1.7.12) Gecko/20050915 Firefox/1.0.7",?,1897,3,632,"/"
"ip2326.unr Mozilla/4.0 (compatible; MSIE 6.0; Windows NT 5.1; SV1; iOpus-I-M; .NET CLR 1.1.4322)",?,1887,4,471,"/"
"ip394.unr Mozilla/4.0 (compatible; MSIE 6.0; Windows NT 5.0)",?,3163,13,243,"/"
"ip7.com Mozilla/4.0 (compatible; MSIE 6.0; Windows NT 5.1; SV1; .NET CLR 1.1.4322; InfoPath.1)",?,3704,4,926,"/news/2001/n26/13i.html"
"ip2396.net Mozilla/5.0 (X11; U; Linux i686; en-US; rv:1.7.12) Gecko/20050922 Firefox/1.0.7 (Debian package 1.0.7-1)",?,1849,3,616,"/"
"ip1392.net Mozilla/4.0 (compatible; MSIE 6.0; Windows NT 5.1; .NET CLR 1.0.3705)",?,1851,2,925,"/"
"ip1474.in Mozilla/4.0 (compatible; MSIE 6.0; Windows 98)",in,1810,2,905,"/software/"
"ip192.edu Mozilla/4.0 (compatible; MSIE 6.0; Windows NT 5.1; SV1; .NET CLR 1.1.4322)",?,2178,5,435,"/datasets/competitions.html"
"ip1632.net Mozilla/4.0 (compatible; MSIE 6.0; Windows NT 5.1; SV1; .NET CLR 1.1.4322)",?,1971,4,492,"/software/"
"ip729.br Mozilla/5.0 (X11; U; Linux i686; pt-BR; rv:1.7.7) Gecko/20050421 Firefox/1.0.3 (Debian package 1.0.3-2)",br,1884,2,942,"/polls/2005/text_mining_tools.htm"
"ip1228.edu Mozilla/4.0 (compatible; MSIE 6.0; Windows NT 5.1; SV1)",?,1800,2,900,"/courses"
"ip1828.unr Mozilla/4.0 (compatible; MSIE 6.0; Windows NT 5.1; SV1; TencentTraveler ; .NET CLR 1.1.4322; .NET CLR 2.0.50727)",?,2020,2,1010,"/software/classification-neural.html"
"ip526.com Mozilla/4.0 (compatible; MSIE 6.0; Windows NT 5.1; .NET CLR 1.1.4322)",?,3655,5,1131,"/"
"ip1008.net Mozilla/4.0 (compatible; MSIE 6.0; Windows NT 5.1; SV1; .NET CLR 1.1.4322)",?,1836,3,612,"/"
"ip511.us Mozilla/4.0 (compatible; MSIE 6.0; Windows NT 5.1)",us,1845,3,615,"/"
"ip716.uy Mozilla/4.0 (compatible; MSIE 6.0; Windows NT 5.1; SV1; .NET CLR 2.0.50215)",uy,2188,3,729,"/index.html"
"ip931.net Mozilla/4.0 (compatible; MSIE 6.0; Windows NT 5.1; SV1; .NET CLR 1.1.4322)",?,5450,6,1106,"/"
"ip510.unr Mozilla/4.0 (compatible; MSIE 6.0; Windows NT 5.1; .NET CLR 1.1.4322)",?,1817,2,908,"/news/2003/n05/10i.html"
"ip1674.ca Mozilla/4.0 (compatible; MSIE 6.0; Windows NT 5.1; SV1; .NET CLR 1.1.4322)",ca,4791,17,281,"/"
"ip1582.com Mozilla/5.0 (Windows; U; Windows NT 5.1; en-US; rv:1.7.12) Gecko/20050915 Firefox/1.0.7",?,1899,5,379,"/"
"ip737.unr Mozilla/5.0 (Windows; U; Windows NT 5.1; es-AR; rv:1.7.12) Gecko/20050919 Firefox/1.0.7",?,3611,3,1352,"/software/associations.html"
"ip2388.fi Mozilla/5.0 (X11; U; Linux x86_64; en-US; rv:1.7.8) Gecko/20050524 Fedora/1.0.4-4 Firefox/1.0.4",fi,1875,4,468,"/"
"ip1237.unr Mozilla/4.0 (compatible; MSIE 6.0; Windows NT 5.1)",?,1921,2,960,"/meetings/"
"ip1152.uk Mozilla/4.0 (compatible; MSIE 6.0; Windows NT 5.0)",uk,3600,2,1800,"/"
"ip1718.net Mozilla/4.0 (compatible; MSIE 6.0; Windows NT 5.1; SV1; .NET CLR 1.1.4322; InfoPath.1)",?,1816,2,908,"/polls/2005/data_types.htm"
"ip874.unr Mozilla/4.0 (compatible; MSIE 6.0; Windows NT 5.1; SV1; .NET CLR 1.1.4322)",?,1830,3,610,"/"
"ip1573.unr Mozilla/4.0 (compatible; MSIE 6.0; Windows NT 5.0; .NET CLR 1.1.4322)",?,1941,2,970,"/news/2001/n07/12i.html"
"ip513.com Mozilla/4.0 (compatible; MSIE 6.0; Windows NT 5.1; SV1; .NET CLR 1.1.4322)",?,1825,4,456,"/"
"ip2327.unr Mozilla/4.0 (compatible; MSIE 6.0; Windows NT 5.1)",?,1981,4,495,"/jobs"
"ip274.unr Mozilla/4.0 (compatible; MSIE 6.0; Windows NT 5.1; brip1; SV1; .NET CLR 1.1.4322)",?,1806,2,903,"/software/parallax.html"
"ip1054.net Mozilla/4.0 (compatible; MSIE 6.0; Windows NT 5.1; Mozilla/4.0(compatible; MSIE 6; Win32; Mck; yplus 5.5.02b); YPC 3.2.0; .NET CLR 1.1.4322)",?,3180,5,636,"/software/suites.html"
"ip1432.net Mozilla/4.0 (compatible; MSIE 6.0; Windows NT 5.0)",?,1825,2,912,"/software/"
"ip3.unr Mozilla/4.0 (compatible; MSIE 6.0; Windows NT 5.1)",?,1852,2,926,"/software/index.html"
"ip182.gov Mozilla/5.0 (Windows; U; Windows NT 5.1; en-US; rv:1.7.8) Gecko/20050511 Firefox/1.0.4",gov,2147,2,1073,"/"
"ip194.unr Mozilla/4.0 (compatible; MSIE 6.0; Windows NT 5.1; SV1; .NET CLR 1.1.4322)",?,1921,3,640,"/datasets/"
"ip2427.nl Mozilla/4.0 (compatible; MSIE 6.0; Windows NT 5.0)",nl,3695,9,602,"/news/2002/n11/21i.html"
"ip2196.net Mozilla/4.0 (compatible; MSIE 6.0; Windows NT 5.1; SV1; .NET CLR 1.1.4322)",?,1808,2,904,"/"
"ip1600.com Mozilla/4.0 (compatible; MSIE 6.0; Windows NT 5.1; .NET CLR 1.0.3705; .NET CLR 1.1.4322)",?,4071,6,734,"/"
"ip1362.net Mozilla/4.0 (compatible; MSIE 6.0; Windows NT 5.1; SV1; .NET CLR 1.1.4322)",?,1800,2,900,"/courses"
"ip443.com Mozilla/4.0 (compatible; MSIE 6.0; Windows NT 5.1; SV1; Nordstrom; .NET CLR 1.1.4322)",?,1913,6,318,"/news/2005/n21/"
"ip2435.net Mozilla/4.0 (compatible; MSIE 6.0; Windows NT 5.0)",?,1816,2,908,"/jobs/index.html"
"ip1521.it Mozilla/5.0 (Windows; U; Windows NT 5.1; it-IT; rv:1.7.12) Gecko/20050919 Firefox/1.0.7",it,1841,2,920,"/software/index.html"
"ip2383.pl Mozilla/5.0 (Windows; U; Windows NT 5.1; pl-PL; rv:1.7.10) Gecko/20050717 Firefox/1.0.6",pl,3603,3,1350,"/datasets/kddcup.html"
"ip40.unr Mozilla/5.0 (X11; U; SunOS sun4u; en-US; rv:1.0.1) Gecko/20020920 Netscape/7.0",?,1810,3,603,"/"
"ip260.unr Mozilla/4.0 (compatible; MSIE 6.0; Windows NT 5.1; SV1; .NET CLR 1.0.3705; .NET CLR 1.1.4322)",?,1984,6,330,"/software/statistics.html"
"ip980.unr Mozilla/4.0 (compatible; MSIE 6.0; Windows NT 5.1; SV1)",?,1826,3,608,"/"
"ip2176.net Mozilla/4.0 (compatible; MSIE 6.0; Windows NT 5.1; SV1; .NET CLR 1.0.3705; .NET CLR 1.1.4322; .NET CLR 2.0.50727)",?,1814,2,907,"/"
"ip1537.nl Mozilla/4.0 (compatible; MSIE 6.0; Windows 98)",nl,1801,2,900,"/news/98/n16.html"
"ip254.edu Mozilla/5.0 (Windows; U; Windows NT 5.1; en-US; rv:1.7.9) Gecko/20050711 Firefox/1.0.5",?,1851,3,617,"/"
"ip269.unr Mozilla/5.0 (Windows; U; Windows NT 5.1; en-US; rv:1.7.8) Gecko/20050511 Firefox/1.0.4",?,1874,5,374,"/"
"ip1566.com Mozilla/4.0 (compatible; MSIE 6.0; Windows NT 5.0; .NET CLR 1.0.3705)",?,1819,4,454,"/news/97/n33.html"
"ip2118.net Mozilla/5.0 (Macintosh; U; PPC Mac OS X; en) AppleWebKit/312.5.1 (KHTML, like Gecko) Safari/312.3.1",?,1820,2,910,"/software/text.html"
"ip988.unr Mozilla/4.0 (compatible; MSIE 6.0; Windows NT 5.1; SV1; .NET CLR 1.1.4322)",?,3675,5,764,"/jobs/index.html"
"ip1777.net Mozilla/4.0 (compatible; MSIE 6.0; Windows NT 5.1; SV1; .NET CLR 1.1.4322)",?,1888,3,629,"/polls/text-mining.htm"
"ip1574.com Mozilla/4.0 (compatible; MSIE 6.0; Windows NT 5.1; Juniper.com; .NET CLR 1.0.3705; .NET CLR 1.1.4322)",?,2600,14,185,"/news/2005/n21/index.html"
"ip2466.unr Mozilla/5.0 (Windows; U; Windows NT 5.1; en-US; rv:1.7.12) Gecko/20050915 Firefox/1.0.7",?,1966,6,327,"/software/"
"ip277.unr Mozilla/5.0 (Macintosh; U; PPC Mac OS X; en) AppleWebKit/312.5.1 (KHTML, like Gecko) Safari/312.3.1",?,1823,3,607,"/"
"ip775.br Mozilla/4.0 (compatible; MSIE 6.0; Windows NT 5.1; SV1)",br,2138,2,1069,"/"
"ip275.edu Mozilla/4.0 (compatible; MSIE 6.0; Windows NT 5.1; en) Opera 8.01",?,1800,2,900,"/siftware.html"
"ip1577.com Mozilla/4.0 (compatible; MSIE 6.0; Windows NT 5.0; .NET CLR 1.1.4322)",?,1800,2,900,"/polls/text-mining.htm"
"ip457.edu Mozilla/4.0 (compatible; MSIE 6.0; Windows NT 5.1; SV1; .NET CLR 1.1.4322)",?,1805,10,180,"/courses/"
"ip1793.net Mozilla/4.0 (compatible; MSIE 6.0; Windows NT 5.1; .NET CLR 1.1.4322)",?,1818,4,454,"/_vti_bin/owssvr.dll?UL=1&ACT=4&BUILD=6254&STRMVER=4&CAPREQ=0"
"ip643.fr Mozilla/5.0 (Macintosh; U; PPC Mac OS X; fr) AppleWebKit/412.7 (KHTML, like Gecko) Safari/412.5",fr,4715,10,509,"/"
"ip2280.unr Mozilla/5.0 (Windows; U; Windows NT 5.1; en-US; rv:1.7.10) Gecko/20050716 Firefox/1.0.6",?,1812,2,906,"/jobs/2005-10-27_austinlogistics_4_project.html"
"ip195.unr Mozilla/4.0 (compatible; MSIE 6.0; Windows NT 5.1; SV1)",?,1813,2,906,"/datasets/"
"ip126.se Mozilla/4.0 (compatible; MSIE 6.0; Windows NT 5.1; SV1; .NET CLR 1.1.4322)",se,2051,3,683,"/"
"ip996.ca Mozilla/5.0 (Windows; U; Windows NT 5.1; en-US; rv:1.7.12) Gecko/20050915 Firefox/1.0.7",ca,1813,2,906,"/jobs/"
"ip152.unr Mozilla/4.0 (compatible; MSIE 6.0; Windows NT 5.1; .NET CLR 1.1.4322; Alexa Toolbar)",?,1849,5,369,"/"
"ip81.edu Mozilla/4.0 (compatible; MSIE 6.0; Windows NT 5.1; en) Opera 8.50",?,1978,7,282,"/"
"ip42.edu Mozilla/5.0 (X11; U; Linux i686; en-US; rv:1.7.12) Gecko/20050920 Firefox/1.0.7",?,1971,5,394,"/"
"ip560.com Mozilla/4.0 (compatible; MSIE 6.0; Windows NT 5.1; SV1; .NET CLR 1.1.4322)",?,1823,2,911,"/"
"ip682.unr Mozilla/4.0 (compatible; MSIE 6.0; Windows NT 5.1)",?,3635,5,1129,"/siftware.html"
"ip2341.unr Mozilla/4.0 (compatible; MSIE 6.0; Windows NT 5.1; SV1; .NET CLR 1.1.4322)",?,2375,28,84,"/jobs/2005-10-18_edu_lead.html"
"ip758.br Mozilla/4.0 (compatible; MSIE 6.0; Windows NT 5.1; .NET CLR 1.1.4322)",br,2393,3,797,"/datasets/"
"ip1202.com Mozilla/4.0 (compatible; MSIE 6.0; Windows NT 5.1; SV1)",?,3242,3,1080,"/companies/consulting.html"
"ip331.edu Mozilla/4.0 (compatible; MSIE 6.0; Windows NT 5.1; SV1; .NET CLR 1.1.4322)",?,1802,2,901,"/"
"ip1588.com Mozilla/4.0 (compatible; MSIE 6.0; Windows NT 5.0)",?,1810,2,905,"/software/"
"ip1026.net Mozilla/4.0 (compatible; MSIE 6.0; Windows NT 5.1; SV1; .NET CLR 1.1.4322; .NET CLR 2.0.50727)",?,2247,9,249,"/software/link-analysis.html"
"ip214.EDU Mozilla/4.0 (compatible; MSIE 6.0; Windows NT 5.1; SV1; .NET CLR 1.1.4322; InfoPath.1)",?,3613,3,1353,"/companies/bioinformatics.html"
"ip355.br Mozilla/4.0 (compatible; MSIE 6.0; Windows NT 5.0; .NET CLR 1.1.4322)",br,1816,2,908,"/"
"ip2264.net Mozilla/4.0 (compatible; MSIE 6.0; Windows NT 5.1; SV1; .NET CLR 1.1.4322)",?,1810,2,905,"/software/"
"ip459.unr Mozilla/5.0 (Macintosh; U; PPC Mac OS X Mach-O; en-US; rv:1.7.12) Gecko/20050915 Firefox/1.0.7",?,1811,3,603,"/dmcourse/data_mining_course/index.html"
"ip438.edu Mozilla/5.0 (Windows; U; Windows NT 5.1; en-US; rv:1.8) Gecko/20051107 Firefox/1.5",?,1839,3,613,"/"
"ip531.EDU Mozilla/5.0 (Windows; U; Windows NT 5.1; en-US; rv:1.7.12) Gecko/20050915 Firefox/1.0.7",?,2022,6,337,"/jobs/2005-10-05_ibm_postdoctoral.html"
"ip1374.net Mozilla/4.0 (compatible; MSIE 6.0; Windows NT 5.1; SV1; .NET CLR 1.1.4322)",?,1920,2,960,"/software/"
"ip52.edu Mozilla/5.0 (Windows; U; Windows NT 5.0; en-US; rv:1.7.10) Gecko/20050716 Firefox/1.0.6",?,1819,3,606,"/"
"ip312.unr Mozilla/4.0 (compatible; MSIE 6.0; Windows NT 5.0; T312461)",?,1805,2,902,"/meetings/kdd98/posters.html"
"ip1189.si Mozilla/4.0 (compatible; MSIE 6.0; Windows NT 5.1; SV1; Turistica local)",si,2106,3,702,"/software/text.html"
"ip681.com Mozilla/4.0 (compatible; MSIE 6.0; Windows NT 5.0; Q312461; Amgen.v1b)",?,1942,2,971,"/news/2004/n01/22i.html"
"ip1158.pl Mozilla/4.0 (compatible; MSIE 6.0; Windows NT 5.1; SV1; .NET CLR 1.1.4322; .NET CLR 2.0.40607)",pl,1849,3,616,"/"
"ip343.mx Mozilla/4.0 (compatible; MSIE 6.0; Windows NT 5.0; {E2647120-A82B-6673-7DE4-75EA2C9A1997}; HbTools 4.6.4)",mx,1800,2,900,"/software/dbolap.html"
"ip2258.ca Mozilla/4.0 (compatible; MSIE 6.0; Windows NT 5.1; SV1)",ca,1903,6,317,"/"
"ip951.com Mozilla/5.0 (Windows; U; Windows NT 5.0; en-US; rv:1.7.12) Gecko/20050915 Firefox/1.0.7",?,1837,4,459,"/"
"ip1801.net Mozilla/4.08",?,1874,11,170,"/"
"ip1057.com Mozilla/4.08",?,1816,6,302,"/polls/index.html"
"ip291.net Mozilla/5.0 (Windows; U; Windows NT 5.1; en-US; rv:1.7.7) Gecko/20050414 Firefox/1.0.3",?,1873,6,312,"/"
"ip252.unr Mozilla/4.0 (compatible; MSIE 6.0; Windows NT 5.1; SV1; .NET CLR 1.1.4322)",?,5064,8,633,"/"
"ip717.br Mozilla/5.0 (Windows; U; Windows NT 5.1; pt-BR; rv:1.8) Gecko/20051025 Firefox/1.5",br,1888,2,944,"/"
"ip265.net Mozilla/5.0 (Windows; U; Windows NT 5.1; en-US; rv:1.7.12) Gecko/20050915 Annoyingtoad/1.0.7 (Firefox 1.0.7)",?,1854,4,463,"/jobs/"
"ip5.com Mozilla/4.0 (compatible; MSIE 6.0; Windows NT 5.1; SV1; iOpus-I-M; .NET CLR 1.1.4322)",?,1849,2,924,"/"
"ip452.unr Mozilla/4.0 (compatible; MSIE 6.0; Windows NT 5.1; Q312461)",?,1816,3,605,"/jobs"
"ip1208.us Mozilla/4.0 (compatible; MSIE 6.0; Windows NT 5.0)",us,1800,2,900,"/jobs"
"ip2314.nl Mozilla/5.0 (X11; U; Linux i686; en-US; rv:1.7.12) Gecko/20050922 Fedora/1.0.7-1.1.fc3 Firefox/1.0.7",nl,2391,10,239,"/jobs"
"ip450.com Mozilla/4.0 (compatible; MSIE 6.0; Windows NT 4.0)",?,1805,2,902,"/"
"ip1405.unr Mozilla/4.0 (compatible; MSIE 6.0; Windows NT 5.1; SV1)",?,1803,2,901,"/"
"ip264.unr Mozilla/4.0 (compatible; MSIE 6.0; Windows NT 5.1; SV1; .NET CLR 1.1.4322)",?,5186,5,1323,"/software/web.html"
"ip4.com Mozilla/4.0 (compatible; MSIE 6.0; Windows NT 5.1; SV1; .NET CLR 1.1.4322)",?,1899,4,474,"/jobs/"
"ip26.com Mozilla/4.0 (compatible; MSIE 6.0; Windows NT 5.1; SV1; SFIEAUTH1; .NET CLR 1.0.3705; .NET CLR 1.1.4322)",?,2870,2,1435,"/software/clustering.html"
"ip1402.net Mozilla/5.0 (Windows; U; Windows NT 5.1; en-US; rv:1.7.10) Gecko/20050716 Firefox/1.0.6",?,3601,3,1350,"/"
"ip1041.com Mozilla/4.0 (compatible; MSIE 6.0; Windows NT 5.1; SV1)",?,1800,2,900,"/polls/dm_tools_oct_2000.htm"
"ip400.edu Mozilla/4.0 (compatible; MSIE 6.0; Windows NT 5.1; SV1; .NET CLR 1.1.4322)",?,1851,2,925,"/"
"ip178.edu Mozilla/4.0 (compatible; MSIE 6.0; Windows NT 5.1; SV1; .NET CLR 1.1.4322)",?,1824,4,456,"/gps.html"
"ip1592.com Mozilla/4.0 (compatible; MSIE 6.0; Windows NT 5.0; .NET CLR 1.1.4322)",?,3584,5,716,"/"
"ip1525.unr Mozilla/4.0 (compatible; MSIE 6.0; Windows NT 5.1; SV1)",?,1850,2,925,"/"
"ip1687.unr Mozilla/4.0 (compatible; MSIE 6.0; Windows NT 5.1; SV1)",?,1818,3,606,"/software/"
"ip2291.unr Mozilla/5.0 (Windows; U; Windows NT 5.1; en-US; rv:1.7.12) Gecko/20050915 Firefox/1.0.7",?,1810,3,603,"/"
"ip985.unr Mozilla/4.0 (compatible; MSIE 6.0; Windows NT 5.0; .NET CLR 1.1.4322)",?,1811,2,905,"/jobs/index.html"
"ip1017.unr Mozilla/4.0 (compatible; MSIE 6.0; Windows NT 5.0)",?,1875,2,937,"/news/2002/n24/21i.html"
"ip356.unr Mozilla/5.0 (compatible; Konqueror/3.3; Linux) (KHTML, like Gecko)",?,4314,6,843,"/"
"ip2190.ca Mozilla/4.0 (compatible; MSIE 6.0; Windows NT 5.1; BBIP; SV1)",ca,1814,2,907,"/websites/privacy.html"
"ip552.com Mozilla/4.0 (compatible; MSIE 6.0; Windows NT 5.1; SV1; .NET CLR 1.1.4322)",?,1880,5,376,"/"
"ip1216.com Mozilla/4.0 (compatible; MSIE 5.0; Windows NT 4.0)",?,1835,2,917,"/software/visualization.html"
"ip576.unr Mozilla/4.0 (compatible; MSIE 6.0; Windows NT 5.1; SV1; .NET CLR 1.1.4322; .NET CLR 2.0.50727)",?,1844,3,614,"/"
"ip329.au Mozilla/5.0 (Windows; U; Windows NT 5.1; en-US; rv:1.7.12) Gecko/20050915 Firefox/1.0.7",au,5400,3,1800,"/software/visualization.html"
"ip135.uk Mozilla/4.0 (compatible; MSIE 6.0; Windows NT 5.1; SV1; .NET CLR 1.1.4322)",uk,1838,4,459,"/software/"
"ip65.uk Mozilla/4.0 (compatible; MSIE 6.0; Windows NT 5.1; SV1; .NET CLR 1.1.4322)",uk,1800,2,900,"/news/2005/n21"
"ip2244.net Mozilla/4.0 (compatible; MSIE 6.0; Windows NT 5.1; SV1; InfoPath.1)",?,1968,3,656,"/jobs"
"ip1417.com Mozilla/4.0 (compatible; MSIE 6.0; Windows NT 5.1; .NET CLR 1.0.3705; .NET CLR 1.1.4322)",?,4753,3,1638,"/news/98/n01.html"
"ip1649.unr Mozilla/4.0 (compatible; MSIE 6.0; Windows NT 5.1; SV1; .NET CLR 1.1.4322)",?,1800,3,600,"/_vti_bin/owssvr.dll?UL=1&ACT=4&BUILD=6254&STRMVER=4&CAPREQ=0"
"ip2207.net Mozilla/4.0 (compatible; MSIE 6.0; Windows NT 5.1; SV1; .NET CLR 1.1.4322)",?,1803,2,901,"/"
"ip2434.de Mozilla/4.0 (compatible; MSIE 6.0; Windows NT 5.1; SV1; iRider 2.21.1108)",de,1800,2,900,"/polls/2005/data_mining_tools.htm"
"ip435.mil Mozilla/4.0 (compatible; MSIE 6.0; Windows NT 5.1; SV1; .NET CLR 1.1.4322; InfoPath.1)",mil,3232,2,1616,"/software/statistics.html"
"ip446.unr Mozilla/4.0 (compatible; MSIE 6.0; Windows NT 5.1; TARGET HQ; .NET CLR 1.0.3705; .NET CLR 1.1.4322)",?,1810,2,905,"/software/text.html"
"ip313.unr Mozilla/4.0 (compatible; MSIE 6.0; Windows NT 5.0; .NET CLR 1.0.3705)",?,1877,3,625,"/software/"
"ip2119.net Mozilla/5.0 (Macintosh; U; PPC Mac OS X; en) AppleWebKit/312.5.1 (KHTML, like Gecko) Safari/312.3.1",?,1944,3,648,"/polls/text-mining.htm"
"ip1213.unr Mozilla/4.0 (compatible; MSIE 6.0; Windows NT 5.0; .NET CLR 1.1.4322)",?,4550,10,528,"/datasets/index.html"
"ip1633.com Mozilla/4.0 (compatible; MSIE 6.0; Windows NT 5.1; SV1; .NET CLR 1.1.4322)",?,2059,7,294,"/"
"ip2168.net Mozilla/5.0 (Windows; U; Windows NT 5.1; en-US; rv:1.7.8) Gecko/20050511 Firefox/1.0.4",?,1851,3,617,"/siftware.html"
"ip986.unr Mozilla/4.0 (compatible; MSIE 6.0; Windows NT 5.0; (R1 1.3); .NET CLR 1.1.4322)",?,1800,2,900,"/polls/dm_tools_oct_2000.htm"
"ip1235.net Mozilla/4.0 (compatible; MSIE 6.0; Windows NT 5.1; SV1)",?,2027,6,337,"/"
"ip346.unr Mozilla/4.0 (compatible; MSIE 6.0; Windows NT 5.1; .NET CLR 1.0.3705)",?,1810,2,905,"/"
"ip1394.net Mozilla/4.0 (compatible; MSIE 6.0; Windows NT 5.1)",?,2185,2,1092,"/jobs/"
"ip2257.unr Mozilla/4.0 (compatible; MSIE 6.0; Windows NT 5.1; SV1; (R1 1.5))",?,1834,5,366,"/"
"ip687.com Mozilla/4.0 (compatible; MSIE 6.0; Windows NT 5.0; .NET CLR 1.1.4322)",?,1837,2,918,"/"
"ip694.unr Mozilla/4.0 (compatible; MSIE 6.0; Windows NT 5.1; SV1)",?,1819,3,606,"/"
"ip2415.com Mozilla/4.0 (compatible; MSIE 6.0; Windows NT 5.2; FunWebProducts; FunWebProducts-MyWay; SV1; .NET CLR 1.1.4322)",?,1815,2,907,"/software/"
"ip933.net Mozilla/4.0 (compatible; MSIE 6.0; Windows NT 5.1; SV1)",?,1815,2,907,"/press/wt97/index.html"
"ip1791.net Mozilla/4.0 (compatible; MSIE 6.0; Windows NT 5.1; SV1; Alexa Toolbar)",?,1824,3,608,"/websites/data-mining.html"
"ip2286.net Mozilla/4.0 (compatible; MSIE 6.0; Windows NT 5.1)",?,1894,5,378,"/"
"ip2141.com Mozilla/4.0 (compatible; MSIE 5.01; Windows NT)",?,1806,2,903,"/news/2000/n05/i10.html"
"ip1027.unr Mozilla/4.0 (compatible; MSIE 6.0; Windows NT 5.1; SV1; .NET CLR 1.1.4322)",?,2278,11,207,"/"
"ip1528.Ru Mozilla/4.0 (compatible; MSIE 6.0; Windows NT 5.1; SV1)",ru,1800,2,900,"/polls/text-mining.htm"
"ip1032.unr Mozilla/4.0 (compatible; MSIE 6.0; Windows NT 5.1; SV1; .NET CLR 1.1.4322)",?,2076,4,519,"/gps.html"
"ip509.com Mozilla/4.0 (compatible; MSIE 6.0; Windows NT 5.1; .NET CLR 1.1.4322)",?,1823,3,607,"/"
"ip2234.net Mozilla/5.0 (Windows; U; Windows NT 5.1; en-US; rv:1.7.12) Gecko/20050915 Firefox/1.0.7",?,1819,3,606,"/"
"ip2208.net Mozilla/4.0 (compatible; MSIE 6.0; Windows NT 5.0; FunWebProducts; .NET CLR 1.1.4322)",?,1808,2,904,"/news/97/n19.html"
"ip2446.unr Mozilla/4.0 (compatible; MSIE 6.0; Windows NT 5.1; SV1; FunWebProducts; .NET CLR 1.1.4322; .NET CLR 1.0.3705)",?,1849,2,924,"/"
"ip1103.nz Mozilla/5.0 (Windows; U; Windows NT 5.1; en-US; rv:1.7.12) Gecko/20050915 Firefox/1.0.7",nz,1830,3,610,"/jobs/index.html"
"ip2324.ch Mozilla/4.0 (compatible; MSIE 6.0; Windows NT 5.0; .NET CLR 1.0.3705; .NET CLR 2.0.40607; .NET CLR 1.1.4322)",ch,1926,7,275,"/meetings/kdd98/kdd-cup-98.html"
"ip216.edu Mozilla/4.0 (compatible; MSIE 6.0; Windows NT 5.1; SV1; .NET CLR 1.1.4322)",?,1849,6,308,"/dmcourse/data_mining_course/assignments/"
"ip1527.unr Mozilla/4.0 (compatible; MSIE 6.0; Windows NT 5.1)",?,2201,5,440,"/faq/data-mining.html"
"ip1671.net Mozilla/4.0 (compatible; MSIE 6.0; Windows NT 5.1; .NET CLR 1.1.4322)",?,1800,2,900,"/courses"
"ip2170.net Mozilla/4.0 (compatible; MSIE 6.0; Windows NT 5.1; SV1)",?,1805,2,902,"/software/classification.html"
"ip82.Ca Mozilla/5.0 (Windows; U; Windows NT 5.1; en-US; rv:1.7.12) Gecko/20050915 Firefox/1.0.7",ca,1803,2,901,"/"
"ip1179.unr Mozilla/4.0 (compatible; MSIE 6.0; Windows NT 5.1; SV1)",?,5883,12,1276,"/"
"ip221.com Mozilla/4.0 (compatible; MSIE 6.0; Windows NT 5.1; NKCSD)",?,1846,2,923,"/"
"ip2467.com Mozilla/4.0 (compatible; MSIE 6.0; Windows NT 5.1; SV1)",?,1844,3,614,"/"
"ip1631.net Mozilla/4.0 (compatible; MSIE 6.0; Windows NT 5.1; SV1)",?,1819,5,363,"/jobs"
"ip396.net Mozilla/4.0 (compatible; MSIE 6.0; Windows NT 5.1)",?,1800,2,900,"/meetings/kdd98"
"ip1129.net Mozilla/5.0 (Windows; U; Windows NT 5.1; pt-BR; rv:1.7.8) Gecko/20050511 Firefox/1.0.4",?,3710,7,648,"/"
"ip2270.net Mozilla/4.0 (compatible; MSIE 6.0; Windows NT 5.1; SV1; .NET CLR 1.1.4322)",?,1876,4,469,"/jobs/2005-11-03_a_7_manager.html"
"ip1526.unr Mozilla/4.0 (compatible; MSIE 6.0; Windows NT 5.1)",?,2116,2,1058,"/"
"ip2147.net Mozilla/5.0 (Windows; U; Windows NT 5.1; en-US; rv:1.7.12) Gecko/20050915 Firefox/1.0.7",?,1818,3,606,"/"
"ip136.uk Mozilla/4.0 (compatible; MSIE 6.0; Windows NT 5.1; SV1; .NET CLR 1.1.4322)",uk,1893,3,631,"/companies/"
"ip320.net Mozilla/5.0 (Windows; U; Windows NT 5.1; de-DE; rv:1.7.10) Gecko/20050717 Firefox/1.0.6",?,1952,4,488,"/"
"ip2454.uk Mozilla/5.0 (Windows; U; Windows NT 5.1; en-US; rv:1.8) Gecko/20051107 Firefox/1.5",uk,1801,2,900,"/software/"
"ip1653.unr Mozilla/4.0 (compatible; MSIE 6.0; Windows NT 5.0; .NET CLR 1.1.4322)",?,1810,2,905,"/news/2000/n12/"
"ip1776.net Mozilla/5.0 (Windows; U; Win 9x 4.90; en-US; rv:1.7.12) Gecko/20050915 Firefox/1.0.7",?,1803,2,901,"/"
"ip445. Mozilla/4.0 (compatible; MSIE 6.0; Windows NT 5.1; SV1; Schneider National, Inc.; .NET CLR 1.1.4322)",,1807,3,602,"/education/index.html"
"ip1206.com Mozilla/5.0 (Windows; U; Windows NT 5.1; en-US; rv:1.7.12) Gecko/20050915 Firefox/1.0.7",?,2099,2,1049,"/jobs/2005-10-26_a_1_search.html"
"ip470.unr Mozilla/4.0 (compatible; MSIE 6.0; Windows NT 5.1; SV1; .NET CLR 1.1.4322)",?,2572,11,233,"/dmcourse/data_mining_course/assignments/index.html"
"ip1125.unr Mozilla/4.0 (compatible; MSIE 6.0; Windows NT 5.0)",?,1840,2,920,"/"
"ip932.net Mozilla/4.0 (compatible; MSIE 6.0; Windows NT 5.1; Q312461; SV1)",?,1808,2,904,"/software/"
"ip557.mil Mozilla/5.0 (Windows; U; Windows NT 5.1; en-US; rv:1.7.12) Gecko/20050915 Firefox/1.0.7",mil,1819,3,606,"/"
"ip231.edu Mozilla/4.0 (compatible; MSIE 6.0; Windows NT 5.1; SV1; .NET CLR 1.1.4322)",?,1807,2,903,"/"
"ip989.unr Mozilla/4.0 (compatible; MSIE 6.0; Windows NT 5.1; SV1; .NET CLR 1.0.3705; .NET CLR 1.1.4322)",?,1865,5,373,"/index_kdm.html"
"ip1639.com Mozilla/5.0 (Macintosh; U; PPC Mac OS X; en) AppleWebKit/416.11 (KHTML, like Gecko) Safari/416.12",?,1808,4,452,"/news/2005/n19/index.html"
"ip351.edu Mozilla/4.0 (compatible; MSIE 6.0; Windows NT 5.0)",?,1800,2,900,"/software"
"ip2155.net Mozilla/4.0 (compatible; MSIE 6.0; Windows NT 5.1; SV1)",?,1825,3,608,"/"
"ip2236.com Mozilla/4.0 (compatible; MSIE 6.0; Windows NT 5.1; SV1; .NET CLR 1.1.4322)",?,1902,5,380,"/companies/index.html"
"ip133.edu Mozilla/4.0 (compatible; MSIE 6.0; Windows NT 5.1)",?,1810,2,905,"/"
"ip770.ar Mozilla/4.0 (compatible; MSIE 6.0; Windows NT 5.0; .NET CLR 1.1.4322)",ar,2632,4,658,"/"
"ip856.unr Mozilla/4.0 (compatible; MSIE 6.0; Windows NT 5.1; SV1)",?,3702,5,1137,"/software/classification.html"
"ip856.unr Mozilla/4.0 (compatible; ICS)",?,3790,7,1065,"/software/classification.html"
"ip1716.com Mozilla/5.0 (Windows; U; Windows NT 5.1; en-US; rv:1.7.5) Gecko/20051012 Netscape/8.0.4",?,1821,2,910,"/software/"
"ip1506.unr Mozilla/4.0 (compatible; MSIE 6.0; Windows NT 5.1; .NET CLR 1.1.4322)",?,2085,5,417,"/subscribe.html"
"ip1342.unr Mozilla/4.0 (compatible; MSIE 5.01; Windows NT 5.0)",?,3918,4,1253,"/"
"ip1096.unr Mozilla/4.0 (compatible; MSIE 6.0; Windows NT 5.1; MyIE2; .NET CLR 1.1.4322)",?,2161,7,308,"/index.html"
"ip213.uk Mozilla/4.0 (compatible; MSIE 6.0; Windows NT 5.1; SV1; .NET CLR 1.0.3705; .NET CLR 1.1.4322)",uk,1979,2,989,"/dmcourse/data_mining_course/kefir/"
"ip2303.net Mozilla/4.0 (compatible; MSIE 6.0; Windows NT 5.1; SV1; .NET CLR 1.1.4322)",?,1873,2,936,"/software/visualization.html"
"ip522.unr Mozilla/4.0 (compatible; MSIE 6.0; Windows NT 5.1; SV1; .NET CLR 1.0.3705; .NET CLR 1.1.4322)",?,1889,2,944,"/companies/"
"ip2192.net Mozilla/4.0 (compatible; MSIE 6.0; Windows NT 5.1; SV1; QS 4.1.2.2; .NET CLR 1.1.4322)",?,1831,2,915,"/"
"ip2290.com Mozilla/5.0 (Macintosh; U; PPC Mac OS X; en) AppleWebKit/416.11 (KHTML, like Gecko) Safari/416.12",?,1835,4,458,"/"
"ip2194.net Mozilla/5.0 (Windows; U; Windows NT 5.1; en-US; rv:1.7.5) Gecko/20051012 Netscape/8.0.4",?,1875,5,375,"/"
"ip2185.net Mozilla/4.0 (compatible; MSIE 6.0; Windows NT 5.1; SV1; .NET CLR 1.1.4322; .NET CLR 2.0.50215)",?,1806,2,903,"/"
"ip998.com Mozilla/4.0 (compatible; MSIE 6.0; Windows NT 5.0; S.N.O.W.2; .NET CLR 1.0.3705; .NET CLR 1.1.4322)",?,3252,47,69,"/software/statistics.html"
"ip2330.net Mozilla/5.0 (Windows; U; Windows NT 5.1; en-US; rv:1.7.12) Gecko/20050915 Firefox/1.0.7",?,1977,3,659,"/"
"ip728.unr Mozilla/5.0 (Windows; U; Win 9x 4.90; es-AR; rv:1.7.10) Gecko/20050717 Firefox/1.0.6",?,2095,8,261,"/siftware.html"
"ip363.unr Mozilla/4.0 (compatible; MSIE 6.0; Windows NT 5.1) Opera 7.54 [ja]",?,2866,2,1433,"/meetings/"
"ip1531.net Mozilla/5.0 (Windows; U; Windows NT 5.1; en-US; rv:1.4) Gecko/20030624 Netscape/7.1 (ax)",?,3282,2,1641,"/publications/surveys.html"
"ip760.mx Mozilla/4.0 (compatible; MSIE 6.0; Windows NT 5.1; SV1)",mx,3600,2,1800,"/"
"ip539.edu Mozilla/4.0 (compatible; MSIE 6.0; Windows NT 5.1; SV1; .NET CLR 1.1.4322)",?,1952,3,650,"/"
"ip1775.net Mozilla/4.0 (compatible; MSIE 6.0; Windows NT 5.1; .NET CLR 1.1.4322)",?,1807,3,602,"/"
"ip257.unr Mozilla/4.0 (compatible; MSIE 6.0; Windows NT 5.1; SV1; .NET CLR 1.1.4322)",?,3669,5,733,"/software/"
"ip79.unr Mozilla/5.0 (Windows; U; Windows NT 5.1; en-US; rv:1.8) Gecko/20051107 Firefox/1.5",?,1821,64,28,"/"
"ip113.au Mozilla/4.0 (compatible; MSIE 6.0; Windows NT 5.0; Q312461; .NET CLR 1.1.4322)",au,2910,2,1455,"/index.html"
"ip444.th Mozilla/5.0 (Windows; U; Windows NT 5.1; en-US; rv:1.7.12) Gecko/20050915 Firefox/1.0.7",th,1956,3,652,"/"
"ip2117.net Mozilla/4.0 (compatible; MSIE 6.0; Windows NT 5.1; SV1; .NET CLR 1.1.4322)",?,2003,8,250,"/"
"ip613.unr Mozilla/4.0 (compatible; MSIE 6.0; Windows NT 5.1; en) Opera 8.01",?,2568,2,1284,"/news/96/n34.html"
"ip2182.com Mozilla/4.0 (compatible; MSIE 6.0; Windows NT 5.1; SV1; .NET CLR 1.1.4322)",?,3608,4,902,"/"
"ip2273.net Mozilla/4.0 (compatible; MSIE 6.0; Windows NT 5.0; .NET CLR 1.1.4322)",?,1908,5,381,"/jobs/"
"ip1412.net Mozilla/5.0 (Windows; U; Windows NT 5.1; en-US; rv:1.7.10) Gecko/20050716 Firefox/1.0.6",?,2034,2,1017,"/"
"ip1827.unr Mozilla/4.0 (compatible; MSIE 6.0; Windows NT 5.0; .NET CLR 1.1.4322)",?,1800,2,900,"/courses"
"ip778.unr Mozilla/4.0 (compatible; MSIE 6.0; Windows NT 5.2; SV1; (R1 1.5); .NET CLR 1.1.4322)",?,2500,5,500,"/software/index.html"
"ip785.unr Mozilla/4.0 (compatible; MSIE 6.0; Windows NT 5.1; SV1)",?,9277,26,802,"/"
"ip389.edu Mozilla/5.0 (X11; U; Linux i686; en-US; rv:1.7.12) Gecko/20050920",?,1913,4,478,"/"
"ip118.au Mozilla/4.0 (compatible; MSIE 6.0; Windows NT 5.1; .NET CLR 1.0.3705)",au,1804,2,902,"/news/2005/n18/"
"ip259.unr Mozilla/4.0 (compatible; MSIE 6.0; Windows NT 5.1; SV1; .NET CLR 1.1.4322)",?,2423,3,807,"/software/"
"ip702.com Mozilla/4.0 (compatible; MSIE 6.0; Windows NT 5.1; SV1; .NET CLR 1.1.4322)",?,1925,3,641,"/software/classification-tree-rules.html"
"ip141.com Mozilla/4.0 (compatible; MSIE 6.0; Windows NT 5.2; SV1; .NET CLR 1.1.4322; .NET CLR 2.0.50727)",?,2964,2,1482,"/software/visualization.html"
"ip1652.com Mozilla/2.0 (compatible; Ask Jeeves/Teoma; +http://sp.ask.com/docs/about/tech_crawling.html)",?,5156,3,1739,"/"
"ip1448.unr Mozilla/4.0 (compatible; MSIE 6.0; Windows 98; Win 9x 4.90; FunWebProducts)",?,1802,2,901,"/"
"ip1587.com Mozilla/5.0 (Windows; U; Windows NT 5.1; en-US; rv:1.7.10) Gecko/20050716 Firefox/1.0.6",?,1987,3,662,"/"
"ip1358.net Mozilla/4.0 (compatible; MSIE 6.0; Windows NT 5.1; SV1; .NET CLR 1.1.4322)",?,1816,2,908,"/jobs/"
"ip1114.unr Mozilla/4.0 (compatible; MSIE 6.0; Windows NT 5.0)",?,2954,7,422,"/subscribe.html"
"ip1124.com Mozilla/4.0 (compatible; MSIE 6.0; Windows NT 5.0; .NET CLR 1.1.4322)",?,1856,2,928,"/"
"ip1466.unr Mozilla/4.0 (compatible; MSIE 6.0; Windows NT 5.1; SV1; TencentTraveler )",?,2112,4,528,"/"
"ip61.edu Mozilla/4.0 (compatible; MSIE 6.0; Windows NT 5.1; SV1; .NET CLR 1.1.4322)",?,1800,2,900,"/courses"
"ip2179.com Mozilla/4.0 (compatible; MSIE 6.0; Windows NT 5.1; .NET CLR 1.1.4322)",?,1904,5,380,"/phpBB/viewforum.php?f=3"
"ip1268.unr Mozilla/4.0 (compatible; MSIE 6.0; Windows NT 5.1; SV1; Maxthon; .NET CLR 1.1.4322)",?,2549,3,849,"/software/clustering.html"
"ip1230.com Mozilla/5.0 (Windows; U; Windows NT 5.0; en-US; rv:1.7.9) Gecko/20050711 Firefox/1.0.5",?,1805,2,902,"/"
"ip1662.net Mozilla/5.0 (Windows; U; Windows NT 5.1; en-US; rv:1.7.12) Gecko/20050915 Firefox/1.0.7",?,1843,4,460,"/polls/2000/statistics-in-florida-elections.htm"
"ip1830.net Mozilla/5.0 (Windows; U; Windows NT 5.1; en-US; rv:1.7.8) Gecko/20050511 Firefox/1.0.4",?,1814,2,907,"/polls/2003/job_satisfaction.htm"
"ip971.com Mozilla/4.0 (compatible; MSIE 6.0; AOL 8.0; Windows NT 5.1; .NET CLR 1.0.3705)",?,1912,2,956,"/faq/data-mining.html"
"ip1413.net Mozilla/5.0 (Windows; U; Windows NT 5.1; en-US; rv:1.7.8) Gecko/20050511 Firefox/1.0.4",?,1813,2,906,"/"
"ip2183.net Mozilla/5.0 (Windows; U; Windows NT 5.1; en-US; rv:1.7.8) Gecko/20050511 Firefox/1.0.4",?,1898,3,632,"/"
"ip485.sg Mozilla/5.0 (Windows; U; Windows NT 5.1; en-US; rv:1.7.12) Gecko/20050915 Firefox/1.0.7",sg,1808,2,904,"/phpBB/"
"ip492.unr Mozilla/4.0 (compatible; MSIE 6.0; Windows NT 5.1; SV1; .NET CLR 1.1.4322)",?,1885,2,942,"/news/2001/n16/9i.html"
"ip958.com Mozilla/4.0 (compatible; MSIE 6.0; AOL 8.0; Windows NT 5.1; .NET CLR 1.0.3705)",?,1850,3,616,"/fdsearch/search.pl?Realm=Recent&Match=1&Terms=data%20mining&maxhits=10&Rank=11"
"ip540.edu Mozilla/5.0 (Windows; U; Windows NT 5.0; en-US; rv:1.7.12) Gecko/20050915 Firefox/1.0.7",?,3600,2,1800,"/"
"ip778.unr Mozilla/4.0 (compatible; MSIE 6.0; Windows NT 5.0)",?,3586,13,275,"/"
"ip831.cc Mozilla/4.0 (compatible; MSIE 6.0; Windows NT 5.1)",cc,1818,2,909,"/software/"
"ip2254.net Mozilla/4.0 (compatible; MSIE 6.0; Windows NT 5.1; YPC 3.2.0; .NET CLR 1.1.4322)",?,1800,2,900,"/courses"
"ip108.edu Mozilla/4.0 (compatible; MSIE 6.0; Windows NT 5.1; SV1; FunWebProducts; .NET CLR 1.1.4322)",?,1800,2,900,"/courses"
"ip1624.net Mozilla/4.0 (compatible; MSIE 6.0; Windows NT 5.1; acc=ventura5)",?,1833,3,611,"/"
"ip1451.net Mozilla/4.0 (compatible; MSIE 6.0; Windows NT 5.1; SV1)",?,1821,2,910,"/"
"ip736.unr Mozilla/4.0 (compatible; MSIE 6.0; Windows NT 5.1; .NET CLR 1.1.4322)",?,1843,2,921,"/"
"ip1195.unr Mozilla/5.0 (X11; Linux i686; U; en) Opera 8.10",?,1902,3,634,"/"
"ip12.com Mozilla/4.0 (compatible; MSIE 6.0; Windows NT 5.1; SV1; .NET CLR 1.1.4322)",?,1918,6,319,"/solutions/web-mining.html"
"ip1509.tw Mozilla/4.0 (compatible; MSIE 6.0; Windows NT 5.1; SV1)",tw,2922,12,243,"/news/2005/n21/1i.html"
"ip1225.net Mozilla/5.0 (Windows; U; Windows NT 5.2; en-US; rv:1.7.12) Gecko/20050915 Firefox/1.0.7",?,4508,12,375,"/solutions/fraud-detection.html"
"ip2282.net Mozilla/4.0 (compatible; MSIE 6.0; Windows NT 5.1; SV1; Tablet PC 1.7; .NET CLR 1.0.3705; .NET CLR 1.1.4322)",?,1848,3,616,"/news/2003/n12/10i.html"
"ip783.th Mozilla/4.0 (compatible; MSIE 6.0; Windows NT 5.1; SV1; .NET CLR 1.1.4322)",th,1842,2,921,"/dmcourse/data_mining_course/assignments/final-project.html"
"ip784.th Mozilla/4.0 (compatible; MSIE 6.0; Windows NT 5.1)",th,1842,3,614,"/dmcourse/data_mining_course/assignments/final-project.html"
"ip96.EDU Mozilla/4.0 (compatible; MSIE 6.0; Windows NT 5.1; SV1; .NET CLR 1.1.4322)",?,1839,4,459,"/index.html"
"ip2267.net Mozilla/5.0 (Windows; U; Windows NT 5.1; en-US; rv:1.7.12) Gecko/20050915 Firefox/1.0.7",?,1851,3,617,"/polls/2002/data_mining_tools.htm"
"ip690.unr Mozilla/4.0 (compatible; MSIE 6.0; Windows NT 5.1; SV1; FreeprodTB; .NET CLR 1.1.4322)",?,1800,2,900,"/courses"
"ip2206.net Mozilla/4.0 (compatible; MSIE 6.0; Windows NT 5.1; SV1)",?,1805,2,902,"/"
"ip1401.net Mozilla/4.0 (compatible; MSIE 6.0; Windows NT 5.1; SV1)",?,2239,16,139,"/faq/data-mining.html"
"ip2145.net Mozilla/4.0 (compatible; MSIE 6.0; Windows NT 5.1; SV1; .NET CLR 1.0.3705; .NET CLR 1.1.4322; Media Center PC 3.1)",?,1800,2,900,"/news/2005/n09/5i.html"
"ip852.au Mozilla/5.0 (Windows; U; Windows NT 5.1; en-US; rv:1.7.8) Gecko/20050511 Firefox/1.0.4",au,2912,3,970,"/"
"ip1669.net Mozilla/5.0 (Windows; U; Windows NT 5.1; en-US; rv:1.7.10) Gecko/20050716 Firefox/1.0.6",?,1846,2,923,"/"
"ip2219.net Mozilla/4.0 (compatible; MSIE 6.0; Windows NT 5.1; SV1)",?,1897,4,474,"/"
"ip92.unr Mozilla/4.0 (compatible; MSIE 6.0; Windows NT 5.1; SV1; .NET CLR 1.1.4322)",?,1800,2,900,"/courses"
"ip349.edu Mozilla/4.0 (compatible; MSIE 6.0; Windows NT 5.1; SV1; .NET CLR 1.1.4322; InfoPath.1)",?,1800,2,900,"/websites"
"ip1011.com Mozilla/4.0 (compatible; MSIE 5.01; Windows NT 5.0)",?,1802,3,600,"/"
"ip1445.unr Mozilla/4.0 (compatible; MSIE 6.0; Windows NT 5.2; SV1; .NET CLR 1.1.4322)",?,1838,3,612,"/software/clustering.html"
"ip242.tw Mozilla/4.0 (compatible; MSIE 6.0; Windows NT 5.1; SV1; KKman3.0; .NET CLR 1.1.4322)",tw,1866,4,466,"/"
"ip2130.com Mozilla/4.0 (compatible; MSIE 6.0; Windows NT 5.1; SV1; .NET CLR 2.0.50215)",?,1814,2,907,"/meetings/"
"ip783.th Mozilla/4.0 (compatible; MSIE 6.0; Windows NT 5.1; SV1)",th,2945,9,327,"/dmcourse/data_mining_course/assignments/final-project.html"
"ip2261.ca Mozilla/5.0 (Windows; U; Windows NT 5.1; en-US; rv:1.7.12) Gecko/20050915 Firefox/1.0.7",ca,1804,2,902,"/"
"ip1723.com Mozilla/5.0 (Windows; U; Windows NT 5.1; en-US; rv:1.7.8) Gecko/20050511 Firefox/1.0.4",?,2669,2,1334,"/news/2005/n20/3i.html"
"ip2233.net Mozilla/4.0 (compatible; MSIE 6.0; Windows NT 5.1; SV1; .NET CLR 1.1.4322)",?,1840,4,460,"/"
"ip893.unr Mozilla/4.0 (compatible; MSIE 6.0; Windows NT 5.1; .NET CLR 1.1.4322)",?,1800,3,600,"/_vti_bin/owssvr.dll?UL=1&ACT=4&BUILD=6254&STRMVER=4&CAPREQ=0"
"ip1773.net Mozilla/4.0 (compatible; MSIE 6.0; Windows NT 5.1; SV1; Tablet PC 1.7; .NET CLR 1.0.3705; .NET CLR 1.1.4322; .NET CLR 2.0.50727)",?,1822,2,911,"/"
"ip2187.net Mozilla/4.0 (compatible; MSIE 6.0; Windows NT 5.1; SV1; .NET CLR 1.1.4322)",?,1881,4,470,"/jobs/"
"ip1316.unr Mozilla/4.0 (compatible; MSIE 6.0; Windows NT 5.1; SV1; .NET CLR 1.1.4322)",?,1857,2,928,"/companies/consulting.html"
"ip2212.net Mozilla/4.0 (compatible; MSIE 6.0; Windows NT 5.1; (R1 1.3; yplus 4.1.00b); .NET CLR 1.0.3705)",?,1875,2,937,"/polls/2002/robots_smarter_than_humans.htm"
"ip2162.net Mozilla/4.0 (compatible; MSIE 6.0; Windows NT 5.1; SV1; .NET CLR 1.1.4322; .NET CLR 2.0.50215; Avalon 6.0.4030; %WAP version%)",?,3159,3,1053,"/dmcourse/data_mining_course/assignments/final-project.html"
"ip918.au Mozilla/4.0 (compatible; MSIE 6.0; Windows NT 4.0; NAB PC IE6SP1)",au,4139,15,275,"/"
"ip2160.net Mozilla/4.0 (compatible; MSIE 6.0; Windows NT 5.1; SV1; .NET CLR 1.1.4322)",?,1948,3,649,"/companies/consulting.html"
"ip1346.unr Mozilla/4.0 (compatible; MSIE 6.0; Windows NT 5.1) Opera 7.54 [en]",?,1877,4,469,"/software/index.html"
"ip1798.net Mozilla/4.0 (compatible; MSIE 6.0; Windows NT 5.2; SV1; .NET CLR 1.1.4322; .NET CLR 2.0.50727)",?,1862,2,931,"/news/2003/n10/12i.html"
"ip1283.unr Mozilla/5.0 (X11; U; Linux i686; en-US; rv:1.7.10) Gecko/20050904 ELX/1.0.6-1.2elx Firefox/1.0.6",?,1835,2,917,"/"
"ip2150.unr Mozilla/4.0 (compatible; MSIE 6.0; Windows NT 5.1; SV1)",?,1809,2,904,"/jobs/index.html"
"ip160.au Mozilla/5.0 (Windows; U; Windows NT 5.1; en-GB; rv:1.7.10) Gecko/20050717 Firefox/1.0.6",au,1808,2,904,"/"
"ip1505.net Mozilla/4.0 (compatible; MSIE 6.0; Windows NT 5.0; .NET CLR 1.1.4322)",?,1838,2,919,"/"
"ip1436.in Mozilla/4.0 (compatible; MSIE 6.0; Windows NT 5.2; {A8CB2CA0-B2B5-2F8A-31CE-4BCB1C74C551}; .NET CLR 1.1.4322)",in,1807,2,903,"/"
"ip1814.net Mozilla/4.0 (compatible; MSIE 6.0; Windows NT 5.1; SV1; QS 4.1.2.2; .NET CLR 1.1.4322)",?,1812,4,453,"/software/index.html"
"ip2177.net Mozilla/4.0 (compatible; MSIE 6.0; Windows NT 5.1; yie6; YPC 3.0.3; SV1)",?,1800,2,900,"/polls/text-mining.htm"
"ip2220.net Mozilla/4.0 (compatible; MSIE 6.0; Windows NT 5.1; SV1; .NET CLR 1.1.4322)",?,1930,6,321,"/news/2005/index.html"
"ip1471.unr Mozilla/4.0 (compatible; MSIE 6.0; Windows NT 5.1)",?,1833,2,916,"/"
"ip100.au Mozilla/4.0 (compatible; MSIE 6.0; Windows NT 5.1; SV1; .NET CLR 1.1.4322)",au,1808,2,904,"/"
